PLAYER, TEAM, AGE, HEIGHT, WEIGHT, COLLEGE, COUNTRY, DRAFT_YEAR, DRAFT_ROUND, DRAFT_NUMBER, GP, PTS, REB, AST, NETRTG, OREB%, DREB%, USG%, TS%, AST%
1, Joel Embiid , PHI, 30, 34, 26, 8, 34.0, 35.3, 11.8, 22.2, 53.3, 1.2, 3.3, 36.6, 10.5, 11.9, 88.3, 2.6, 8.7, 11.3, 5.7, 3.7, 1.1, 1.8, 2.9, 62.4, 27.0, 2.0, 6.9
2, Luka Doncic , DAL, 25, 65, 42, 23, 37.4, 34.0, 11.6, 23.6, 48.9, 4.0, 10.4, 38.0, 6.9, 8.9, 78.2, 0.8, 8.3, 9.1, 9.8, 4.0, 1.5, 0.5, 2.1, 61.7, 45.0, 19.0, 3.7
3, Giannis Antetokounmpo , MIL, 29, 69, 44, 25, 35.2, 30.8, 11.5, 18.8, 61.4, 0.5, 1.7, 28.6, 7.2, 11.0, 65.9, 2.7, 8.8, 11.5, 6.4, 3.4, 1.2, 1.0, 2.9, 57.5, 55.0, 9.0, 4.7
4, Shai Gilgeous-Alexander , OKC, 25, 71, 51, 20, 34.4, 30.3, 10.7, 19.9, 53.9, 1.3, 3.5, 36.5, 7.5, 8.6, 87.2, 0.9, 4.7, 5.5, 6.3, 2.2, 2.1, 0.9, 2.5, 53.1, 8.0, 0.0, 7.6
5, Jalen Brunson , NYK, 27, 69, 43, 26, 35.1, 27.9, 10.0, 21.0, 47.8, 2.7, 6.8, 40.0, 5.1, 6.1, 84.0, 0.6, 3.0, 3.6, 6.5, 2.4, 0.9, 0.2, 1.9, 42.9, 5.0, 0.0, 6.4
6, Kevin Durant , PHX, 35, 67, 38, 29, 37.1, 27.6, 10.1, 19.1, 53.0, 2.2, 5.3, 42.5, 5.1, 5.9, 85.4, 0.5, 6.2, 6.7, 5.2, 3.3, 0.9, 1.3, 1.7, 46.7, 14.0, 1.0, 3.5
7, Jayson Tatum , BOS, 26, 69, 54, 15, 35.9, 27.3, 9.2, 19.5, 47.4, 3.1, 8.3, 37.9, 5.7, 6.8, 83.2, 0.9, 7.3, 8.2, 4.9, 2.6, 1.0, 0.6, 2.0, 46.7, 24.0, 0.0, 8.8
8, Devin Booker , PHX, 27, 60, 37, 23, 35.7, 27.0, 9.5, 19.4, 49.2, 2.1, 5.9, 36.2, 5.8, 6.6, 88.1, 0.8, 4.0, 4.8, 6.9, 2.5, 0.9, 0.4, 3.1, 44.4, 12.0, 0.0, 4.3
9, Donovan Mitchell , CLE, 27, 51, 34, 17, 35.2, 26.8, 9.2, 19.9, 46.3, 3.3, 9.0, 36.9, 5.1, 5.8, 86.6, 0.8, 4.3, 5.2, 6.1, 2.8, 1.7, 0.5, 2.2, 46.0, 6.0, 0.0, 6.1
10, Stephen Curry , GSW, 36, 68, 39, 29, 32.7, 26.6, 8.8, 19.6, 44.9, 4.8, 12.0, 40.3, 4.1, 4.4, 92.4, 0.5, 3.8, 4.3, 5.0, 2.8, 0.7, 0.3, 1.6, 39.6, 7.0, 0.0, 2.3
11, De'Aaron Fox , SAC, 26, 66, 39, 27, 35.7, 26.4, 9.7, 20.8, 46.5, 2.8, 7.6, 36.3, 4.4, 6.0, 73.3, 1.0, 3.6, 4.6, 5.7, 2.7, 2.0, 0.4, 2.6, 45.1, 6.0, 0.0, 2.9
12, Trae Young , ATL, 25, 51, 22, 29, 36.5, 26.4, 8.2, 19.3, 42.6, 3.3, 8.9, 37.1, 6.6, 7.8, 85.6, 0.4, 2.3, 2.7, 10.8, 4.3, 1.4, 0.2, 2.1, 46.4, 35.0, 0.0, -2.2
13, Nikola Jokic , DEN, 29, 72, 50, 22, 34.5, 26.1, 10.3, 17.8, 57.9, 1.0, 2.9, 34.6, 4.6, 5.6, 82.3, 2.8, 9.4, 12.3, 9.0, 2.9, 1.3, 0.9, 2.4, 58.0, 61.0, 23.0, 8.3
14, Anthony Edwards , MIN, 22, 71, 49, 22, 35.2, 26.1, 9.2, 19.9, 46.3, 2.4, 6.7, 36.3, 5.2, 6.3, 82.7, 0.6, 4.9, 5.6, 5.2, 3.1, 1.3, 0.6, 1.8, 42.9, 9.0, 0.0, 6.3
15, Tyrese Maxey , PHI, 23, 65, 38, 27, 37.5, 25.6, 9.0, 20.1, 44.5, 3.0, 8.1, 37.4, 4.7, 5.4, 86.4, 0.5, 3.2, 3.7, 6.2, 1.7, 1.0, 0.5, 2.1, 42.1, 8.0, 0.0, 3.5
16, LeBron James , LAL, 39, 65, 36, 29, 35.2, 25.4, 9.5, 17.8, 53.3, 2.2, 5.3, 41.6, 4.2, 5.6, 75.2, 0.8, 6.5, 7.3, 8.1, 3.4, 1.2, 0.6, 1.1, 48.1, 24.0, 4.0, 2.7
17, Kyrie Irving , DAL, 32, 52, 34, 18, 34.5, 25.3, 9.7, 19.6, 49.4, 3.0, 7.2, 41.1, 3.1, 3.4, 90.3, 0.8, 4.2, 5.0, 5.3, 1.7, 1.2, 0.4, 1.9, 42.5, 5.0, 0.0, 4.0
18, Ja Morant , MEM, 24, 9, 6, 3, 35.3, 25.1, 8.9, 18.9, 47.1, 1.6, 5.7, 27.5, 5.8, 7.1, 81.3, 0.7, 4.9, 5.6, 8.1, 3.0, 0.8, 0.6, 2.1, 44.9, 3.0, 0.0, 1.2
19, Anthony Davis , LAL, 31, 70, 40, 30, 35.9, 24.7, 9.4, 17.0, 55.5, 0.4, 1.3, 28.7, 5.4, 6.7, 81.6, 3.1, 9.6, 12.7, 3.6, 2.1, 1.2, 2.4, 2.3, 53.8, 59.0, 2.0, 1.1
20, Damian Lillard , MIL, 33, 68, 46, 22, 35.3, 24.4, 7.5, 17.6, 42.6, 3.1, 8.6, 35.8, 6.3, 6.8, 92.3, 0.5, 3.9, 4.4, 7.1, 2.5, 1.0, 0.2, 1.8, 41.4, 12.0, 0.0, 5.8
21, Julius Randle , NYK, 29, 46, 29, 17, 35.4, 24.0, 8.6, 18.2, 47.2, 1.7, 5.3, 31.1, 5.1, 6.6, 78.1, 2.2, 7.0, 9.2, 5.0, 3.5, 0.5, 0.3, 2.7, 41.4, 18.0, 1.0, 4.7
22, LaMelo Ball , CHA, 22, 22, 7, 15, 32.3, 23.9, 8.3, 19.2, 43.3, 3.2, 9.0, 35.5, 4.1, 4.7, 86.5, 1.3, 3.8, 5.1, 8.0, 3.8, 1.8, 0.2, 3.6, 44.3, 7.0, 1.0, -6.3
23, Desmond Bane , MEM, 25, 42, 14, 28, 34.4, 23.7, 8.6, 18.5, 46.4, 3.3, 8.6, 38.1, 3.3, 3.8, 87.0, 0.9, 3.5, 4.4, 5.5, 2.7, 1.0, 0.5, 2.9, 39.2, 3.0, 0.0, -4.8
24, Kawhi Leonard , LAC, 32, 68, 44, 24, 34.3, 23.7, 9.0, 17.1, 52.5, 2.1, 4.9, 41.7, 3.7, 4.2, 88.5, 1.2, 4.9, 6.1, 3.6, 1.8, 1.6, 0.9, 1.4, 42.2, 4.0, 1.0, 5.8
25, DeMar DeRozan , CHI, 34, 73, 35, 38, 37.6, 23.5, 8.0, 16.8, 47.5, 0.9, 2.8, 32.9, 6.6, 7.7, 85.6, 0.6, 3.8, 4.3, 5.2, 1.6, 1.1, 0.6, 2.0, 40.1, 6.0, 0.0, -0.9
26, Lauri Markkanen , UTA, 26, 55, 22, 33, 33.1, 23.2, 7.8, 16.2, 48.0, 3.2, 8.0, 39.9, 4.5, 5.0, 89.9, 2.2, 5.9, 8.2, 2.0, 1.4, 0.9, 0.5, 1.8, 38.8, 19.0, 0.0, 0.4
27, Jaylen Brown , BOS, 27, 66, 50, 16, 33.6, 23.2, 9.0, 18.0, 50.2, 2.1, 5.8, 35.8, 3.1, 4.4, 70.1, 1.2, 4.3, 5.5, 3.6, 2.3, 1.2, 0.5, 2.6, 37.9, 5.0, 1.0, 6.7
28, Zion Williamson , NOP, 23, 63, 38, 25, 31.2, 22.8, 8.9, 15.2, 58.5, 0.1, 0.2, 35.7, 4.9, 7.0, 69.6, 1.8, 4.1, 5.9, 5.0, 2.7, 1.0, 0.6, 2.3, 39.3, 11.0, 0.0, 2.2
29, Dejounte Murray , ATL, 27, 71, 32, 39, 35.7, 22.7, 8.7, 18.7, 46.3, 2.6, 7.1, 36.5, 2.8, 3.4, 80.3, 0.7, 4.6, 5.3, 6.3, 2.5, 1.5, 0.3, 1.7, 41.4, 17.0, 0.0, -1.6
30, Paul George , LAC, 33, 68, 44, 24, 34.2, 22.6, 8.0, 16.9, 47.1, 3.4, 8.2, 41.3, 3.3, 3.7, 90.0, 0.5, 4.8, 5.3, 3.6, 2.0, 1.5, 0.5, 2.8, 38.5, 2.0, 0.0, 6.3
31, Anfernee Simons , POR, 24, 46, 11, 35, 34.4, 22.6, 7.8, 18.2, 43.0, 3.4, 8.8, 38.5, 3.5, 3.9, 91.6, 0.5, 3.2, 3.6, 5.5, 2.7, 0.5, 0.1, 2.1, 34.3, 3.0, 0.0, -7.2
32, Cade Cunningham , DET, 22, 61, 9, 52, 33.4, 22.4, 8.4, 18.8, 44.6, 1.9, 5.4, 35.0, 3.8, 4.4, 86.8, 0.5, 3.8, 4.3, 7.5, 3.4, 0.9, 0.3, 2.5, 39.1, 14.0, 0.0, -5.8
33, Paolo Banchero , ORL, 21, 72, 42, 30, 34.8, 22.4, 8.0, 17.3, 46.3, 1.5, 4.3, 35.3, 4.9, 6.8, 71.3, 1.0, 5.8, 6.8, 5.3, 3.1, 0.9, 0.6, 1.9, 40.1, 14.0, 2.0, 0.2
34, Kyle Kuzma , WAS, 28, 69, 13, 56, 32.5, 22.3, 8.7, 18.8, 46.3, 2.2, 6.4, 33.5, 2.7, 3.5, 77.4, 0.9, 5.7, 6.6, 4.2, 2.7, 0.5, 0.7, 2.2, 37.4, 13.0, 0.0, -8.0
35, Karl-Anthony Towns , MIN, 28, 60, 41, 19, 32.8, 22.1, 7.9, 15.5, 50.6, 2.2, 5.3, 42.3, 4.2, 4.8, 87.4, 1.5, 6.9, 8.4, 3.0, 2.8, 0.7, 0.7, 3.3, 38.0, 22.0, 0.0, 5.7
36, Jaren Jackson Jr. , MEM, 24, 64, 20, 44, 32.1, 22.0, 7.6, 17.4, 44.0, 1.8, 5.6, 31.7, 5.0, 6.2, 80.6, 1.3, 4.3, 5.5, 2.3, 2.5, 1.2, 1.6, 3.6, 38.0, 5.0, 0.0, -5.4
37, Cam Thomas , BKN, 22, 59, 20, 39, 31.0, 22.0, 7.9, 17.8, 44.3, 2.1, 5.8, 36.7, 4.1, 4.8, 85.0, 0.4, 2.8, 3.2, 3.0, 1.8, 0.7, 0.2, 2.1, 31.3, 0.0, 0.0, -2.7
38, Pascal Siakam , IND, 29, 73, 33, 40, 33.6, 21.8, 8.5, 15.9, 53.5, 1.1, 3.2, 34.1, 3.7, 5.1, 73.2, 1.7, 5.4, 7.1, 4.5, 1.8, 0.8, 0.3, 2.3, 38.7, 15.0, 1.0, 1.2
39, Miles Bridges , CHA, 26, 63, 15, 48, 37.7, 21.3, 8.2, 17.8, 46.2, 2.3, 6.6, 35.2, 2.5, 3.1, 81.2, 1.1, 6.4, 7.4, 3.3, 2.0, 1.0, 0.5, 1.8, 37.5, 18.0, 0.0, -9.4
40, Victor Wembanyama , SAS, 20, 66, 16, 50, 29.2, 21.2, 7.7, 16.3, 46.8, 1.7, 5.3, 32.3, 4.2, 5.2, 79.9, 2.3, 8.2, 10.5, 3.6, 3.6, 1.3, 3.4, 2.2, 49.7, 39.0, 2.0, -2.1
41, Alperen Sengun , HOU, 21, 63, 29, 34, 32.5, 21.1, 8.4, 15.6, 53.7, 0.5, 1.8, 29.7, 3.9, 5.6, 69.3, 2.9, 6.4, 9.3, 5.0, 2.6, 1.2, 0.7, 3.3, 43.0, 29.0, 2.0, 0.8
42, Jimmy Butler , MIA, 34, 52, 28, 24, 33.9, 21.0, 6.7, 13.4, 50.0, 1.0, 2.3, 41.3, 6.7, 7.8, 85.5, 1.8, 3.5, 5.4, 4.9, 1.7, 1.4, 0.3, 1.2, 38.3, 5.0, 1.0, 3.7
43, Jerami Grant , POR, 30, 54, 17, 37, 33.9, 21.0, 7.1, 15.7, 45.1, 2.1, 5.1, 40.2, 4.7, 5.8, 81.7, 0.7, 2.9, 3.5, 2.8, 2.1, 0.8, 0.6, 2.2, 31.7, 1.0, 0.0, -6.5
44, Brandon Ingram , NOP, 26, 63, 38, 25, 33.0, 20.9, 7.8, 16.0, 49.0, 1.3, 3.8, 35.6, 3.9, 4.9, 80.1, 0.7, 4.4, 5.1, 5.8, 2.6, 0.8, 0.6, 2.3, 37.4, 3.0, 1.0, 3.2
45, Jamal Murray , DEN, 27, 54, 40, 14, 32.1, 20.9, 7.9, 16.7, 47.5, 2.4, 5.6, 41.9, 2.7, 3.2, 85.5, 0.7, 3.4, 4.1, 6.7, 2.1, 1.0, 0.6, 1.8, 38.5, 11.0, 0.0, 4.5
46, Tyler Herro , MIA, 24, 36, 19, 17, 33.6, 20.8, 7.9, 18.0, 43.7, 3.3, 8.1, 39.9, 1.8, 2.2, 83.5, 0.5, 4.8, 5.3, 4.4, 2.1, 0.8, 0.1, 1.4, 34.3, 2.0, 0.0, -0.6
47, Mikal Bridges , BKN, 27, 75, 29, 46, 35.5, 20.3, 7.1, 16.3, 43.7, 2.7, 7.3, 36.8, 3.4, 4.1, 81.3, 0.9, 3.9, 4.7, 3.7, 2.1, 1.0, 0.4, 1.5, 33.6, 3.0, 0.0, -2.1
48, Tyrese Haliburton , IND, 24, 62, 35, 27, 32.2, 20.3, 7.3, 15.4, 47.6, 2.8, 7.7, 36.5, 2.8, 3.3, 85.7, 0.5, 3.4, 4.0, 11.0, 2.3, 1.2, 0.7, 1.1, 44.7, 41.0, 1.0, 3.7
49, Kristaps Porzingis , BOS, 28, 52, 39, 13, 29.8, 20.2, 6.8, 13.4, 50.9, 1.9, 5.3, 36.5, 4.6, 5.3, 86.0, 1.7, 5.3, 6.9, 1.9, 1.6, 0.7, 1.9, 2.8, 37.5, 10.0, 0.0, 7.6
50, Jalen Green , HOU, 22, 74, 38, 36, 31.7, 19.9, 7.0, 16.3, 42.7, 2.4, 7.2, 33.8, 3.5, 4.4, 79.9, 0.5, 4.6, 5.1, 3.5, 2.2, 0.8, 0.4, 1.4, 32.5, 7.0, 1.0, 1.0
51, Terry Rozier , MIA, 30, 57, 20, 37, 33.8, 19.9, 7.4, 16.6, 44.3, 2.3, 6.7, 34.6, 2.8, 3.3, 86.6, 0.6, 3.6, 4.2, 5.8, 1.7, 1.0, 0.4, 1.7, 35.9, 4.0, 0.0, -4.9
52, Scottie Barnes , TOR, 22, 60, 22, 38, 34.9, 19.9, 7.5, 15.7, 47.5, 1.7, 4.9, 34.1, 3.3, 4.2, 78.1, 2.4, 5.9, 8.2, 6.1, 2.8, 1.3, 1.5, 2.0, 44.2, 25.0, 4.0, -2.4
53, Bam Adebayo , MIA, 26, 63, 35, 28, 34.3, 19.8, 7.6, 14.6, 52.1, 0.2, 0.5, 33.3, 4.4, 5.8, 75.2, 2.3, 8.4, 10.7, 4.0, 2.3, 1.2, 1.0, 2.3, 42.6, 39.0, 2.0, 0.5
54, Domantas Sabonis , SAC, 27, 74, 43, 31, 35.8, 19.6, 7.8, 13.0, 60.2, 0.4, 1.1, 39.7, 3.5, 5.0, 70.8, 3.5, 10.1, 13.6, 8.3, 3.3, 0.9, 0.6, 3.1, 49.5, 70.0, 26.0, 0.7
55, RJ Barrett , TOR, 23, 53, 24, 29, 31.6, 19.5, 7.3, 14.9, 48.8, 1.6, 4.4, 36.9, 3.4, 4.8, 70.9, 0.9, 4.4, 5.3, 3.2, 2.0, 0.5, 0.4, 2.2, 31.4, 1.0, 0.0, -2.3
56, Franz Wagner , ORL, 22, 66, 40, 26, 32.7, 19.5, 7.3, 15.3, 47.9, 1.3, 4.7, 28.2, 3.6, 4.3, 84.8, 1.0, 4.3, 5.3, 3.8, 2.0, 1.1, 0.4, 2.3, 34.1, 0.0, 0.0, 2.6
57, Jalen Williams , OKC, 22, 67, 47, 20, 31.7, 19.5, 7.7, 14.2, 54.0, 1.5, 3.5, 43.1, 2.7, 3.3, 81.3, 0.6, 3.4, 4.0, 4.6, 1.8, 1.1, 0.6, 2.6, 34.7, 3.0, 0.0, 4.9
58, Zach LaVine , CHI, 29, 25, 10, 15, 34.9, 19.5, 6.8, 15.0, 45.2, 2.4, 6.8, 34.9, 3.5, 4.1, 85.4, 0.3, 4.8, 5.2, 3.9, 2.1, 0.8, 0.3, 2.3, 33.0, 1.0, 0.0, -3.7
59, Devin Vassell , SAS, 23, 68, 17, 51, 33.1, 19.5, 7.3, 15.5, 47.2, 2.4, 6.6, 37.2, 2.4, 3.0, 80.1, 0.4, 3.4, 3.8, 4.1, 1.6, 1.1, 0.3, 1.1, 32.8, 0.0, 0.0, -4.3
60, Coby White , CHI, 24, 72, 34, 38, 36.7, 19.3, 6.8, 15.3, 44.6, 2.8, 7.2, 38.5, 2.8, 3.4, 84.0, 0.6, 4.1, 4.7, 5.2, 2.1, 0.7, 0.2, 2.4, 33.3, 5.0, 0.0, -0.5
61, CJ McCollum , NOP, 32, 58, 38, 20, 31.9, 18.9, 6.9, 15.3, 45.5, 3.4, 8.1, 41.4, 1.6, 2.0, 80.5, 0.5, 3.7, 4.2, 4.5, 1.6, 1.0, 0.6, 2.0, 33.9, 1.0, 0.0, 3.3
62, Collin Sexton , UTA, 25, 75, 29, 46, 26.6, 18.8, 6.6, 13.3, 49.4, 1.7, 4.2, 39.7, 4.1, 4.7, 85.9, 0.9, 1.7, 2.6, 4.9, 2.0, 0.8, 0.2, 2.0, 30.4, 4.0, 0.0, -1.3
63, D'Angelo Russell , LAL, 28, 69, 41, 28, 32.4, 18.1, 6.5, 14.2, 45.9, 2.9, 7.0, 41.9, 2.1, 2.6, 81.7, 0.4, 2.7, 3.1, 6.4, 2.0, 0.9, 0.5, 2.1, 33.4, 9.0, 0.0, 1.7
64, Darius Garland , CLE, 24, 51, 28, 23, 33.2, 18.0, 6.5, 14.6, 44.7, 2.3, 6.2, 36.3, 2.7, 3.2, 83.4, 0.5, 2.1, 2.6, 6.5, 3.1, 1.2, 0.1, 1.7, 31.8, 6.0, 0.0, 2.1
65, Nikola Vucevic , CHI, 33, 70, 34, 36, 34.2, 18.0, 7.7, 16.0, 48.2, 1.2, 4.2, 28.4, 1.4, 1.7, 82.1, 2.8, 7.8, 10.6, 3.4, 1.6, 0.7, 0.8, 2.5, 38.6, 42.0, 0.0, -2.3
66, Bradley Beal , PHX, 30, 45, 27, 18, 33.0, 17.7, 6.9, 13.9, 49.8, 1.7, 4.4, 38.2, 2.1, 2.7, 79.3, 0.9, 3.2, 4.1, 5.1, 2.5, 1.0, 0.4, 2.4, 31.7, 3.0, 0.0, 1.5
67, Klay Thompson , GSW, 34, 70, 36, 34, 29.6, 17.3, 6.2, 14.5, 42.5, 3.4, 8.9, 38.2, 1.6, 1.7, 91.8, 0.5, 2.8, 3.3, 2.2, 1.5, 0.6, 0.4, 1.7, 26.3, 0.0, 0.0, -0.6
68, Tobias Harris , PHI, 31, 66, 37, 29, 33.9, 17.2, 6.7, 13.6, 48.8, 1.2, 3.6, 34.2, 2.7, 3.0, 88.0, 1.1, 5.3, 6.4, 3.1, 1.4, 1.0, 0.6, 1.7, 33.0, 8.0, 0.0, 2.7
69, Jordan Clarkson , UTA, 31, 55, 22, 33, 30.6, 17.1, 6.1, 14.8, 41.3, 1.7, 5.6, 29.4, 3.2, 3.7, 88.1, 0.9, 2.5, 3.4, 5.0, 2.7, 0.6, 0.1, 1.5, 28.4, 6.0, 1.0, -3.5
70, Brandon Miller , CHA, 21, 67, 16, 51, 32.2, 17.0, 6.4, 14.7, 43.5, 2.4, 6.6, 37.1, 1.8, 2.2, 81.0, 0.9, 3.4, 4.3, 2.4, 1.7, 0.9, 0.6, 2.5, 28.2, 1.0, 0.0, -6.7
71, Jordan Poole , WAS, 24, 73, 14, 59, 29.7, 17.0, 6.1, 14.9, 41.1, 2.3, 7.1, 32.2, 2.4, 2.8, 87.3, 0.4, 2.3, 2.7, 4.1, 2.4, 1.1, 0.3, 3.2, 28.1, 2.0, 0.0, -7.0
72, Bogdan Bogdanovic , ATL, 31, 71, 33, 38, 30.2, 16.9, 6.0, 14.1, 42.8, 3.1, 8.2, 37.6, 1.8, 2.0, 90.8, 0.7, 2.8, 3.5, 3.1, 1.4, 1.2, 0.3, 2.3, 29.0, 1.0, 0.0, 2.4
73, Myles Turner , IND, 28, 71, 40, 31, 27.3, 16.9, 6.1, 11.9, 51.7, 1.5, 4.2, 34.9, 3.2, 4.1, 77.5, 1.5, 5.4, 6.9, 1.3, 1.4, 0.5, 1.8, 3.1, 32.8, 15.0, 0.0, 2.5
74, Michael Porter Jr. , DEN, 25, 74, 52, 22, 31.7, 16.9, 6.5, 13.2, 49.2, 2.8, 6.8, 40.5, 1.1, 1.4, 83.0, 1.3, 5.6, 7.0, 1.5, 1.1, 0.5, 0.6, 1.8, 29.9, 13.0, 0.0, 5.7
75, James Harden , LAC, 34, 67, 43, 24, 34.8, 16.8, 5.0, 11.4, 43.5, 2.6, 6.8, 39.1, 4.2, 4.8, 87.9, 0.5, 4.6, 5.1, 8.6, 2.6, 1.1, 0.9, 1.8, 39.2, 22.0, 2.0, 4.4
76, Fred VanVleet , HOU, 30, 67, 37, 30, 36.6, 16.7, 5.6, 13.5, 41.3, 3.0, 7.9, 38.4, 2.5, 2.9, 86.7, 0.4, 3.3, 3.7, 8.1, 1.7, 1.3, 0.9, 2.4, 38.0, 19.0, 0.0, 2.8
77, Chet Holmgren , OKC, 21, 74, 52, 22, 29.9, 16.6, 6.2, 11.7, 53.3, 1.6, 4.3, 37.3, 2.6, 3.3, 79.7, 1.6, 6.3, 7.9, 2.5, 1.6, 0.6, 2.4, 2.4, 37.3, 22.0, 0.0, 5.3
78, Immanuel Quickley , TOR, 24, 62, 26, 36, 28.9, 16.4, 5.6, 13.0, 43.2, 2.5, 6.2, 39.6, 2.7, 3.3, 82.9, 0.2, 3.4, 3.6, 4.6, 1.4, 0.7, 0.1, 1.6, 28.8, 6.0, 0.0, -0.5
79, Jarrett Allen , CLE, 25, 70, 43, 27, 31.6, 16.3, 6.6, 10.5, 63.0, 0.0, 0.1, 0.0, 3.1, 4.2, 74.2, 3.1, 7.5, 10.6, 2.7, 1.6, 0.7, 1.1, 2.0, 36.8, 37.0, 0.0, 2.5
80, Jonathan Kuminga , GSW, 21, 70, 36, 34, 26.3, 16.3, 6.3, 11.8, 52.9, 0.7, 2.3, 31.6, 3.1, 4.1, 74.0, 1.3, 3.5, 4.8, 2.1, 1.7, 0.7, 0.5, 2.3, 27.2, 4.0, 0.0, 1.8
81, Jalen Johnson , ATL, 22, 51, 25, 26, 34.0, 16.1, 6.4, 12.5, 51.3, 1.3, 3.6, 35.3, 2.0, 2.7, 72.5, 1.3, 7.3, 8.6, 3.5, 1.7, 1.1, 0.9, 2.5, 36.1, 18.0, 0.0, -1.4
82, Austin Reaves , LAL, 25, 75, 42, 33, 32.2, 16.0, 5.6, 11.5, 48.8, 1.8, 5.0, 36.5, 3.0, 3.4, 86.4, 0.7, 3.7, 4.4, 5.6, 2.1, 0.8, 0.3, 1.8, 30.8, 9.0, 1.0, -0.3
83, Shaedon Sharpe , POR, 20, 32, 8, 24, 33.1, 15.9, 5.5, 13.6, 40.6, 1.9, 5.6, 33.3, 3.1, 3.7, 82.4, 1.3, 3.7, 5.0, 2.9, 2.3, 0.9, 0.4, 2.8, 27.8, 1.0, 0.0, -7.7
84, Bojan Bogdanovic , NYK, 34, 49, 14, 35, 27.3, 15.9, 5.6, 12.5, 44.9, 2.4, 6.2, 39.5, 2.2, 2.8, 78.1, 0.4, 2.4, 2.8, 1.9, 1.9, 0.6, 0.1, 1.8, 22.1, 1.0, 0.0, -6.6
85, Keldon Johnson , SAS, 24, 68, 17, 51, 29.6, 15.8, 5.7, 12.6, 45.6, 1.9, 5.3, 34.8, 2.5, 3.2, 79.0, 1.4, 4.1, 5.5, 2.9, 1.4, 0.7, 0.3, 2.1, 28.3, 9.0, 0.0, -5.0
86, Deandre Ayton , POR, 25, 48, 12, 36, 32.1, 15.8, 7.3, 12.6, 58.0, 0.0, 0.1, 25.0, 1.2, 1.4, 81.2, 3.2, 7.8, 11.0, 1.6, 1.8, 1.0, 0.8, 2.1, 34.9, 26.0, 0.0, -5.5
87, Evan Mobley , CLE, 22, 43, 26, 17, 30.7, 15.8, 6.5, 11.0, 58.8, 0.4, 1.0, 37.8, 2.4, 3.5, 70.5, 2.3, 7.5, 9.8, 3.1, 1.8, 0.9, 1.5, 2.8, 37.4, 21.0, 0.0, 0.4
88, Malcolm Brogdon , POR, 31, 39, 15, 24, 28.7, 15.7, 5.6, 12.7, 44.0, 2.1, 5.1, 41.2, 2.4, 3.0, 81.9, 0.7, 3.1, 3.8, 5.5, 1.5, 0.7, 0.2, 1.5, 29.7, 4.0, 0.0, -2.1
89, De'Andre Hunter , ATL, 26, 50, 24, 26, 29.0, 15.6, 5.3, 11.4, 46.8, 2.1, 5.1, 40.5, 2.9, 3.4, 85.7, 0.6, 3.2, 3.8, 1.4, 1.3, 0.7, 0.3, 2.5, 24.0, 2.0, 0.0, -0.2
90, Derrick White , BOS, 29, 68, 55, 13, 32.7, 15.5, 5.4, 11.6, 46.6, 2.7, 6.8, 40.1, 1.9, 2.2, 89.8, 0.7, 3.6, 4.3, 5.2, 1.6, 1.0, 1.2, 2.1, 33.6, 5.0, 1.0, 9.3
91, Malik Monk , SAC, 26, 72, 42, 30, 26.0, 15.4, 5.5, 12.4, 44.3, 2.1, 5.9, 35.0, 2.4, 2.8, 82.9, 0.4, 2.6, 2.9, 5.1, 2.1, 0.6, 0.5, 2.2, 28.1, 2.0, 0.0, 0.1
92, Jaden Ivey , DET, 22, 69, 13, 56, 28.6, 15.2, 5.3, 12.4, 43.1, 1.5, 4.6, 32.3, 3.0, 4.0, 76.1, 1.2, 2.3, 3.5, 3.7, 2.5, 0.8, 0.6, 2.8, 26.5, 1.0, 0.0, -4.4
93, Tim Hardaway Jr. , DAL, 32, 71, 44, 27, 27.5, 15.1, 5.2, 12.8, 40.5, 2.8, 7.8, 36.2, 2.0, 2.3, 85.3, 0.3, 3.0, 3.3, 1.7, 0.9, 0.5, 0.1, 1.4, 22.7, 0.0, 0.0, 0.8
94, John Collins , UTA, 26, 68, 27, 41, 28.0, 15.1, 5.8, 11.0, 53.2, 1.3, 3.4, 37.1, 2.2, 2.7, 79.5, 2.3, 6.1, 8.5, 1.1, 1.4, 0.6, 0.9, 2.8, 30.0, 24.0, 0.0, -4.5
95, Kelly Oubre Jr. , PHI, 28, 61, 33, 28, 29.8, 15.0, 5.6, 12.7, 43.7, 1.4, 4.7, 30.5, 2.5, 3.3, 74.9, 1.4, 3.5, 4.9, 1.4, 1.2, 1.1, 0.6, 2.9, 27.1, 4.0, 0.0, -1.1
96, Keegan Murray , SAC, 23, 69, 40, 29, 33.3, 15.0, 5.7, 12.3, 46.3, 2.3, 6.3, 36.1, 1.4, 1.7, 81.7, 1.3, 4.1, 5.3, 1.7, 0.8, 1.0, 0.7, 2.7, 28.4, 6.0, 0.0, 1.7
97, Donte DiVincenzo , NYK, 27, 73, 44, 29, 28.0, 15.0, 5.3, 12.1, 43.8, 3.4, 8.6, 39.8, 1.0, 1.4, 73.0, 0.8, 2.8, 3.5, 2.6, 1.3, 1.3, 0.4, 2.1, 27.1, 0.0, 0.0, 1.9
98, Khris Middleton , MIL, 32, 49, 30, 19, 27.0, 14.9, 5.7, 11.7, 48.9, 1.7, 4.5, 37.8, 1.8, 2.2, 84.0, 0.7, 3.9, 4.6, 5.3, 2.2, 0.9, 0.3, 2.6, 29.7, 5.0, 1.0, 3.5
99, OG Anunoby , NYK, 26, 44, 26, 18, 34.1, 14.9, 5.7, 11.5, 49.2, 2.0, 5.5, 37.1, 1.5, 2.0, 76.7, 1.0, 3.4, 4.3, 2.3, 1.6, 1.3, 0.7, 2.3, 27.9, 0.0, 0.0, 7.6
100, Bennedict Mathurin , IND, 21, 59, 33, 26, 26.1, 14.5, 5.0, 11.2, 44.6, 1.4, 3.6, 37.4, 3.1, 3.8, 82.1, 1.0, 2.9, 4.0, 2.0, 1.6, 0.6, 0.2, 2.0, 23.1, 3.0, 0.0, -1.6
101, Marcus Smart , MEM, 30, 20, 7, 13, 30.2, 14.5, 5.1, 11.9, 43.0, 2.1, 6.7, 31.3, 2.2, 2.8, 76.8, 0.3, 2.4, 2.7, 4.3, 3.1, 2.1, 0.3, 2.7, 27.9, 0.0, 0.0, -1.0
102, Deni Avdija , WAS, 23, 68, 13, 55, 29.6, 14.3, 5.3, 10.5, 50.6, 1.2, 3.0, 38.8, 2.5, 3.4, 73.6, 1.2, 6.0, 7.2, 3.8, 2.1, 0.8, 0.4, 2.5, 30.1, 15.0, 0.0, -5.0
103, Dennis Schroder , BKN, 30, 75, 27, 48, 31.0, 14.1, 5.1, 11.6, 43.8, 1.8, 4.6, 38.2, 2.1, 2.6, 82.6, 0.4, 2.4, 2.9, 6.0, 1.9, 0.8, 0.2, 2.0, 27.7, 7.0, 0.0, -1.9
104, Norman Powell , LAC, 30, 70, 44, 26, 26.1, 14.0, 5.0, 10.1, 49.5, 2.2, 5.0, 43.6, 1.9, 2.3, 82.5, 0.2, 2.4, 2.6, 1.1, 0.9, 0.6, 0.3, 1.8, 20.4, 0.0, 0.0, 2.3
105, Trey Murphy III , NOP, 23, 49, 31, 18, 28.4, 14.0, 4.6, 10.7, 43.2, 2.8, 7.6, 37.2, 1.9, 2.4, 79.0, 0.7, 4.0, 4.7, 2.1, 0.6, 0.8, 0.6, 1.2, 26.3, 1.0, 0.0, 5.0
106, Jalen Duren , DET, 20, 56, 13, 43, 29.7, 13.9, 5.8, 9.3, 62.9, 0.0, 0.1, 0.0, 2.3, 2.9, 77.8, 3.3, 8.7, 12.0, 2.5, 2.1, 0.5, 0.8, 3.3, 34.0, 41.0, 0.0, -4.7
107, Aaron Gordon , DEN, 28, 68, 46, 22, 31.5, 13.8, 5.5, 9.9, 55.1, 0.5, 1.9, 28.9, 2.3, 3.6, 65.3, 2.4, 4.1, 6.5, 3.4, 1.5, 0.8, 0.6, 1.9, 29.3, 12.0, 0.0, 5.5
108, Rudy Gobert , MIN, 31, 68, 48, 20, 34.1, 13.8, 5.3, 8.1, 65.7, 0.0, 0.0, 0.0, 3.2, 5.0, 63.6, 3.7, 9.1, 12.9, 1.3, 1.5, 0.6, 2.1, 3.1, 37.8, 48.0, 0.0, 6.1
109, Saddiq Bey , ATL, 24, 63, 28, 35, 32.7, 13.7, 4.6, 11.1, 41.6, 1.8, 5.7, 31.6, 2.7, 3.2, 83.7, 2.7, 3.9, 6.5, 1.5, 0.9, 0.8, 0.2, 1.4, 25.8, 8.0, 0.0, -0.3
110, Caris LeVert , CLE, 29, 62, 35, 27, 28.7, 13.6, 4.9, 12.1, 40.9, 1.6, 5.0, 31.5, 2.1, 2.9, 75.1, 0.6, 3.5, 4.0, 5.3, 1.7, 1.1, 0.5, 1.8, 29.5, 6.0, 0.0, 1.8
111, Jabari Smith Jr. , HOU, 20, 68, 36, 32, 31.7, 13.6, 4.9, 10.8, 45.3, 1.8, 4.8, 36.6, 2.0, 2.5, 82.1, 1.9, 6.4, 8.3, 1.4, 1.2, 0.7, 0.8, 2.7, 29.0, 16.0, 0.0, -0.5
112, Cameron Johnson , BKN, 28, 56, 19, 37, 27.7, 13.5, 4.8, 10.8, 44.8, 2.4, 6.2, 39.4, 1.5, 1.9, 78.1, 1.0, 3.4, 4.4, 2.4, 1.0, 0.8, 0.3, 1.8, 24.7, 1.0, 0.0, -1.2
113, Grayson Allen , PHX, 28, 68, 40, 28, 33.6, 13.5, 4.5, 8.9, 50.5, 2.8, 5.9, 47.0, 1.7, 1.9, 88.4, 0.6, 3.2, 3.8, 3.1, 1.3, 0.9, 0.6, 2.1, 26.0, 1.0, 0.0, 2.8
114, Duncan Robinson , MIA, 29, 64, 36, 28, 28.5, 13.4, 4.7, 10.2, 45.6, 2.9, 7.1, 40.3, 1.2, 1.4, 88.6, 0.2, 2.3, 2.6, 2.9, 1.4, 0.7, 0.3, 2.4, 22.2, 0.0, 0.0, 0.9
115, Bobby Portis , MIL, 29, 74, 47, 27, 24.2, 13.4, 5.5, 10.9, 50.1, 1.2, 3.0, 39.1, 1.3, 1.6, 78.3, 1.6, 5.6, 7.2, 1.2, 1.1, 0.8, 0.4, 2.4, 26.2, 13.0, 0.0, 0.1
116, Gary Trent Jr. , TOR, 25, 66, 22, 44, 27.8, 13.4, 4.9, 11.6, 42.6, 2.5, 6.2, 40.0, 1.0, 1.3, 77.0, 0.3, 2.2, 2.5, 1.6, 0.6, 1.0, 0.2, 1.3, 21.7, 1.0, 0.0, -2.9
117, GG Jackson , MEM, 19, 40, 11, 29, 24.1, 13.3, 4.5, 10.4, 42.9, 2.0, 5.5, 36.5, 2.4, 3.2, 75.4, 1.1, 2.7, 3.8, 1.0, 1.3, 0.5, 0.5, 1.3, 21.0, 0.0, 0.0, -4.4
118, Scoot Henderson , POR, 20, 55, 16, 39, 27.5, 13.3, 4.7, 12.3, 38.0, 1.2, 4.0, 30.5, 2.7, 3.3, 82.1, 0.8, 2.3, 3.1, 4.9, 3.2, 0.7, 0.2, 3.1, 24.0, 5.0, 0.0, -7.7
119, Rui Hachimura , LAL, 26, 61, 35, 26, 26.5, 13.2, 5.2, 9.7, 53.5, 1.4, 3.3, 42.1, 1.5, 2.0, 73.6, 0.8, 3.3, 4.1, 1.1, 0.7, 0.6, 0.3, 1.5, 21.9, 3.0, 0.0, 1.9
120, Naz Reid , MIN, 24, 73, 51, 22, 24.0, 13.1, 4.9, 10.2, 47.7, 2.0, 5.0, 40.7, 1.3, 1.7, 76.2, 0.9, 4.2, 5.1, 1.3, 1.3, 0.7, 0.9, 2.1, 24.7, 5.0, 0.0, 3.7
121, Andrew Wiggins , GSW, 29, 65, 33, 32, 27.0, 12.9, 4.9, 10.9, 45.1, 1.2, 3.4, 35.6, 1.8, 2.5, 73.6, 1.6, 3.0, 4.5, 1.7, 1.2, 0.6, 0.5, 2.1, 23.1, 3.0, 0.0, -1.0
122, Corey Kispert , WAS, 25, 73, 14, 59, 24.7, 12.8, 4.6, 9.6, 48.2, 2.2, 5.8, 37.6, 1.4, 1.9, 72.1, 0.4, 2.3, 2.7, 1.7, 1.2, 0.5, 0.2, 1.7, 19.6, 1.0, 0.0, -5.4
123, Keyonte George , UTA, 20, 68, 25, 43, 26.8, 12.8, 4.2, 10.7, 38.9, 1.9, 5.8, 33.4, 2.5, 3.0, 84.7, 0.2, 2.6, 2.9, 4.5, 2.4, 0.5, 0.1, 1.2, 22.4, 1.0, 0.0, -4.9
124, Jrue Holiday , BOS, 33, 63, 49, 14, 33.2, 12.8, 4.9, 10.0, 48.5, 2.1, 4.7, 44.7, 1.0, 1.1, 83.3, 1.2, 4.2, 5.5, 5.0, 1.8, 0.9, 0.8, 1.6, 30.1, 7.0, 0.0, 6.7
125, Mark Williams , CHA, 22, 19, 7, 12, 26.8, 12.7, 5.2, 7.9, 64.9, 0.0, 0.0, 0.0, 2.4, 3.4, 71.9, 4.0, 5.7, 9.7, 1.2, 0.9, 0.8, 1.1, 2.6, 30.9, 8.0, 0.0, -1.1
126, Dillon Brooks , HOU, 28, 65, 34, 31, 30.8, 12.7, 4.6, 10.6, 42.9, 1.8, 5.1, 35.4, 1.7, 2.0, 84.1, 0.7, 2.7, 3.4, 1.7, 1.3, 0.9, 0.1, 3.2, 21.1, 1.0, 0.0, 0.3
127, P.J. Washington , DAL, 25, 66, 25, 41, 30.1, 12.6, 4.8, 11.0, 43.3, 1.7, 5.5, 31.2, 1.4, 2.0, 68.7, 1.2, 4.3, 5.5, 1.9, 1.3, 0.9, 0.8, 2.4, 25.9, 3.0, 0.0, -2.6
128, Harrison Barnes , SAC, 31, 74, 43, 31, 29.3, 12.4, 4.4, 9.0, 48.3, 1.9, 4.7, 39.9, 1.8, 2.3, 80.4, 0.8, 2.2, 3.0, 1.2, 0.7, 0.6, 0.1, 1.2, 19.4, 0.0, 0.0, -1.4
129, Jalen Suggs , ORL, 22, 67, 39, 28, 26.8, 12.4, 4.4, 9.6, 46.3, 2.1, 5.2, 40.0, 1.5, 1.9, 76.2, 0.7, 2.4, 3.1, 2.7, 1.9, 1.4, 0.6, 2.7, 24.4, 0.0, 0.0, 0.9
130, Jonas Valanciunas , NOP, 31, 74, 45, 29, 24.0, 12.4, 5.0, 8.9, 55.9, 0.5, 1.5, 33.3, 2.0, 2.5, 79.7, 2.4, 6.7, 9.1, 2.1, 1.3, 0.4, 0.9, 2.7, 29.0, 32.0, 0.0, 2.4
131, Brook Lopez , MIL, 36, 71, 46, 25, 30.8, 12.4, 4.6, 9.4, 48.4, 1.8, 5.1, 36.2, 1.4, 1.7, 83.2, 1.4, 3.8, 5.3, 1.7, 1.0, 0.6, 2.4, 2.5, 29.2, 4.0, 0.0, 4.6
132, Max Strus , CLE, 28, 63, 40, 23, 31.9, 12.3, 4.4, 10.6, 42.0, 2.4, 7.0, 34.6, 1.0, 1.3, 78.3, 0.9, 3.7, 4.6, 3.7, 1.5, 0.9, 0.4, 2.5, 26.0, 4.0, 0.0, 3.6
133, Buddy Hield , PHI, 31, 77, 39, 38, 26.2, 12.3, 4.5, 10.2, 44.3, 2.6, 6.8, 38.7, 0.5, 0.6, 87.5, 0.7, 2.5, 3.2, 2.9, 1.2, 0.8, 0.5, 2.1, 23.4, 1.0, 0.0, 0.3
134, Josh Giddey , OKC, 21, 73, 52, 21, 24.8, 12.2, 5.0, 10.5, 47.6, 1.1, 3.1, 34.5, 1.1, 1.4, 79.8, 1.4, 4.9, 6.3, 4.6, 2.0, 0.7, 0.6, 1.3, 28.4, 7.0, 2.0, 4.5
135, Jaime Jaquez Jr. , MIA, 23, 67, 39, 28, 29.0, 12.2, 4.7, 9.7, 48.8, 0.9, 2.8, 31.4, 1.9, 2.4, 80.5, 1.1, 2.7, 3.9, 2.6, 1.5, 1.0, 0.2, 2.3, 23.0, 1.0, 0.0, 0.3
136, Aaron Nesmith , IND, 24, 65, 36, 29, 27.7, 12.2, 4.4, 8.9, 49.1, 2.0, 4.8, 43.0, 1.4, 1.9, 75.4, 0.9, 2.9, 3.8, 1.5, 0.9, 0.9, 0.7, 3.3, 23.1, 1.0, 0.0, 1.8
137, Cam Whitmore , HOU, 19, 39, 16, 23, 18.0, 12.1, 4.5, 9.7, 46.3, 1.6, 4.5, 36.0, 1.5, 2.4, 65.2, 0.9, 2.9, 3.9, 0.5, 0.9, 0.7, 0.3, 1.3, 19.5, 1.0, 0.0, -0.8
138, Nic Claxton , BKN, 24, 65, 24, 41, 29.8, 12.1, 5.2, 8.4, 62.8, 0.0, 0.1, 20.0, 1.6, 2.8, 57.2, 2.8, 7.1, 9.9, 2.1, 1.2, 0.7, 2.0, 2.5, 34.0, 28.0, 0.0, -4.3
139, Tyus Jones , WAS, 27, 66, 11, 55, 29.3, 12.0, 4.9, 10.1, 48.9, 1.6, 3.9, 41.4, 0.5, 0.6, 80.0, 0.3, 2.4, 2.7, 7.3, 1.0, 1.1, 0.3, 0.7, 29.3, 9.0, 1.0, -7.5
140, Ayo Dosunmu , CHI, 24, 73, 36, 37, 28.8, 11.9, 4.6, 9.3, 49.9, 1.5, 3.8, 40.0, 1.1, 1.4, 81.8, 0.7, 2.1, 2.8, 3.2, 1.3, 0.9, 0.5, 2.2, 22.7, 1.0, 0.0, -2.0
141, Cole Anthony , ORL, 23, 73, 43, 30, 22.9, 11.9, 4.2, 9.6, 43.7, 1.2, 3.5, 34.1, 2.3, 2.9, 81.8, 0.8, 3.2, 4.0, 3.0, 1.6, 0.8, 0.5, 2.3, 23.5, 3.0, 0.0, 1.5
142, Marvin Bagley III , WAS, 25, 49, 6, 43, 21.3, 11.8, 4.8, 8.2, 58.8, 0.2, 0.4, 40.9, 2.0, 2.6, 76.2, 2.7, 3.7, 6.3, 1.1, 1.2, 0.4, 0.7, 1.7, 23.1, 10.0, 0.0, -2.9
143, Malik Beasley , MIL, 27, 71, 44, 27, 29.9, 11.7, 4.2, 9.2, 45.4, 3.0, 6.9, 42.7, 0.3, 0.5, 70.6, 0.6, 3.2, 3.8, 1.4, 0.7, 0.8, 0.1, 2.0, 20.3, 1.0, 0.0, 5.0
144, Eric Gordon , PHX, 35, 61, 36, 25, 28.6, 11.6, 4.3, 9.4, 45.1, 2.3, 6.0, 38.8, 0.8, 1.0, 80.0, 0.3, 1.7, 2.0, 2.1, 1.1, 0.9, 0.5, 1.2, 20.2, 0.0, 0.0, 1.7
145, Jeremy Sochan , SAS, 20, 74, 18, 56, 29.6, 11.6, 4.6, 10.5, 43.8, 0.9, 3.1, 30.8, 1.5, 1.9, 77.1, 1.9, 4.6, 6.4, 3.4, 1.9, 0.8, 0.5, 2.3, 26.6, 7.0, 0.0, -4.6
146, Ivica Zubac , LAC, 27, 62, 38, 24, 26.5, 11.6, 4.9, 7.4, 66.0, 0.0, 0.0, 0.0, 1.8, 2.5, 71.6, 2.9, 6.2, 9.1, 1.4, 1.2, 0.3, 1.2, 2.7, 27.9, 18.0, 0.0, 2.7
147, Scotty Pippen Jr. , MEM, 23, 13, 2, 11, 23.4, 11.5, 3.9, 8.0, 49.0, 1.6, 3.2, 51.2, 2.1, 3.0, 69.2, 0.8, 2.3, 3.2, 4.3, 2.4, 1.3, 0.5, 2.7, 24.9, 0.0, 0.0, -4.5
148, De'Anthony Melton , PHI, 25, 36, 23, 13, 27.8, 11.5, 3.8, 9.7, 39.1, 2.1, 5.8, 36.2, 1.8, 2.2, 83.5, 0.8, 3.1, 3.8, 3.1, 1.1, 1.6, 0.4, 2.3, 25.5, 0.0, 0.0, 5.9
149, Clint Capela , ATL, 29, 66, 31, 35, 25.5, 11.4, 4.8, 8.5, 56.7, 0.0, 0.0, 0.0, 1.7, 2.7, 64.2, 4.7, 5.8, 10.5, 1.2, 1.0, 0.6, 1.5, 2.3, 31.1, 34.0, 0.0, -0.6
150, Mike Conley , MIN, 36, 69, 49, 20, 28.9, 11.3, 3.8, 8.4, 45.5, 2.3, 5.3, 43.4, 1.3, 1.5, 90.1, 0.5, 2.4, 2.8, 6.0, 1.2, 1.1, 0.2, 1.7, 26.6, 4.0, 0.0, 4.1
151, Jusuf Nurkic , PHX, 29, 69, 42, 27, 27.1, 11.2, 4.4, 8.5, 51.5, 0.3, 1.3, 24.1, 2.2, 3.4, 63.1, 2.9, 7.9, 10.9, 3.7, 2.3, 1.0, 1.0, 3.3, 33.6, 24.0, 0.0, 4.7
152, Herbert Jones , NOP, 25, 68, 42, 26, 30.0, 11.2, 3.9, 7.8, 50.5, 1.5, 3.6, 42.3, 1.8, 2.1, 85.9, 1.0, 2.5, 3.6, 2.6, 1.2, 1.3, 0.9, 2.9, 24.9, 0.0, 0.0, 3.1
153, Jakob Poeltl , TOR, 28, 50, 21, 29, 26.4, 11.1, 5.0, 7.6, 65.6, 0.0, 0.0, 0.0, 1.2, 2.1, 55.1, 2.9, 5.7, 8.6, 2.5, 1.5, 0.7, 1.5, 3.0, 30.3, 20.0, 0.0, -0.3
154, Wendell Carter Jr. , ORL, 24, 47, 26, 21, 25.9, 11.1, 4.1, 7.8, 52.3, 1.1, 3.0, 37.6, 1.8, 2.6, 69.9, 2.0, 5.0, 7.0, 1.7, 1.3, 0.6, 0.5, 2.1, 24.2, 7.0, 0.0, 1.0
155, Alec Burks , NYK, 32, 62, 16, 46, 19.0, 11.0, 3.4, 9.0, 37.3, 2.0, 5.3, 37.7, 2.3, 2.7, 86.7, 0.4, 2.0, 2.3, 1.4, 0.7, 0.4, 0.2, 1.2, 16.9, 0.0, 0.0, -4.0
156, Daniel Gafford , DAL, 25, 67, 25, 42, 24.7, 11.0, 4.6, 6.5, 71.5, 0.0, 0.0, 0.0, 1.7, 2.5, 69.0, 2.8, 5.0, 7.8, 1.5, 1.0, 0.9, 2.1, 3.1, 30.7, 14.0, 0.0, -1.4
157, Luke Kennard , MEM, 27, 37, 13, 24, 25.3, 11.0, 3.6, 8.0, 44.8, 2.7, 6.1, 44.9, 1.1, 1.2, 88.9, 0.3, 2.6, 2.9, 3.4, 1.3, 0.5, 0.1, 1.1, 19.9, 0.0, 0.0, -4.7
157, Zach Collins , SAS, 26, 62, 15, 47, 22.3, 11.0, 4.2, 8.8, 47.9, 0.8, 2.6, 31.1, 1.8, 2.4, 74.7, 1.7, 3.5, 5.2, 2.9, 1.9, 0.5, 0.7, 3.1, 23.3, 3.0, 0.0, -6.1
159, Isaiah Stewart , DET, 22, 46, 9, 37, 30.9, 10.9, 4.0, 8.3, 48.7, 1.5, 3.8, 38.3, 1.4, 1.8, 75.3, 1.6, 5.0, 6.6, 1.6, 1.4, 0.4, 0.8, 2.2, 23.4, 5.0, 0.0, -2.9
160, Russell Westbrook , LAC, 35, 62, 41, 21, 22.3, 10.9, 4.4, 9.7, 45.1, 0.6, 2.3, 26.1, 1.6, 2.4, 68.0, 1.4, 3.5, 5.0, 4.4, 2.0, 1.1, 0.3, 1.7, 25.8, 7.0, 0.0, 1.1
161, Bruce Brown , TOR, 27, 62, 25, 37, 28.2, 10.9, 4.1, 8.8, 47.1, 0.8, 2.5, 32.7, 1.8, 2.1, 84.1, 0.8, 3.5, 4.3, 2.9, 1.3, 0.9, 0.3, 2.2, 22.7, 2.0, 0.0, -2.5
162, Santi Aldama , MEM, 23, 60, 22, 38, 26.6, 10.9, 4.1, 9.4, 43.5, 1.8, 5.0, 35.1, 0.9, 1.5, 62.1, 1.2, 4.6, 5.8, 2.3, 1.2, 0.7, 0.9, 1.5, 24.8, 5.0, 0.0, -4.6
163, Moritz Wagner , ORL, 26, 72, 42, 30, 17.9, 10.8, 4.1, 6.9, 59.9, 0.5, 1.4, 33.0, 2.1, 2.6, 80.0, 1.5, 2.9, 4.4, 1.3, 1.2, 0.5, 0.3, 2.0, 19.1, 3.0, 0.0, 1.2
164, Jaden McDaniels , MIN, 23, 64, 43, 21, 29.4, 10.8, 4.4, 8.9, 49.1, 1.3, 3.6, 34.6, 0.8, 1.1, 70.8, 0.8, 2.3, 3.2, 1.4, 1.2, 0.9, 0.6, 3.1, 19.7, 0.0, 0.0, 2.6
165, Spencer Dinwiddie , LAL, 30, 69, 33, 36, 28.9, 10.7, 3.4, 8.8, 38.8, 1.6, 5.0, 32.7, 2.2, 2.8, 79.0, 0.4, 2.3, 2.7, 5.0, 1.2, 0.7, 0.3, 1.9, 23.0, 4.0, 0.0, 0.6
166, Luguentz Dort , OKC, 24, 72, 50, 22, 28.5, 10.6, 3.6, 8.2, 43.7, 2.0, 4.9, 39.6, 1.5, 1.8, 82.9, 1.0, 2.7, 3.6, 1.4, 0.9, 0.9, 0.6, 3.0, 20.5, 0.0, 0.0, 4.4
167, Simone Fontecchio , DET, 28, 66, 29, 37, 24.9, 10.5, 3.8, 8.3, 46.0, 2.0, 5.1, 40.1, 0.8, 1.0, 81.8, 1.0, 2.8, 3.7, 1.5, 1.0, 0.7, 0.3, 1.7, 19.3, 0.0, 0.0, -0.4
168, Kevin Huerter , SAC, 25, 64, 37, 27, 24.4, 10.2, 3.9, 8.8, 44.3, 1.9, 5.3, 36.1, 0.6, 0.7, 76.6, 0.6, 2.9, 3.5, 2.6, 0.8, 0.7, 0.4, 2.1, 20.7, 2.0, 0.0, 1.2
169, Onyeka Okongwu , ATL, 23, 55, 23, 32, 25.5, 10.2, 4.1, 6.6, 61.1, 0.4, 1.3, 33.3, 1.7, 2.1, 79.3, 2.6, 4.2, 6.8, 1.3, 0.8, 0.5, 1.1, 2.9, 24.3, 8.0, 0.0, -0.6
170, Reggie Jackson , DEN, 33, 75, 52, 23, 22.1, 10.2, 4.0, 9.1, 43.9, 1.2, 3.4, 36.3, 0.9, 1.2, 79.8, 0.4, 1.5, 1.9, 3.8, 1.3, 0.5, 0.1, 1.8, 18.9, 2.0, 0.0, 1.1
171, Caleb Martin , MIA, 28, 56, 31, 25, 27.1, 10.1, 3.8, 8.7, 43.7, 1.3, 3.6, 36.2, 1.3, 1.6, 78.7, 1.2, 3.4, 4.6, 2.1, 1.2, 0.8, 0.4, 2.0, 21.1, 2.0, 0.0, 0.6
172, Alex Caruso , CHI, 30, 66, 32, 34, 28.2, 10.1, 3.6, 7.6, 47.1, 1.9, 4.7, 40.8, 1.1, 1.4, 76.1, 0.9, 3.0, 3.8, 3.3, 1.4, 1.6, 1.0, 2.6, 26.1, 1.0, 0.0, 0.4
173, Gordon Hayward , OKC, 34, 45, 22, 23, 25.0, 10.0, 3.8, 8.3, 45.3, 0.8, 1.8, 41.0, 1.8, 2.4, 74.8, 0.8, 2.9, 3.7, 3.3, 1.3, 0.8, 0.3, 1.4, 21.3, 0.0, 0.0, -3.8
174, Vince Williams Jr. , MEM, 23, 52, 18, 34, 27.6, 10.0, 3.3, 7.3, 44.6, 1.5, 4.0, 37.8, 2.0, 2.5, 80.0, 1.1, 4.4, 5.6, 3.4, 1.8, 0.9, 0.7, 2.6, 24.7, 3.0, 0.0, -1.8
175, Kentavious Caldwell-Pope , DEN, 31, 69, 49, 20, 31.8, 10.0, 3.5, 7.7, 45.5, 1.6, 4.0, 40.5, 1.4, 1.6, 91.7, 0.4, 2.0, 2.4, 2.4, 1.0, 1.3, 0.5, 2.0, 21.2, 0.0, 0.0, 7.3
176, Patrick Williams , CHI, 22, 43, 19, 24, 27.3, 10.0, 3.7, 8.3, 44.3, 1.4, 3.4, 39.9, 1.2, 1.5, 78.8, 1.1, 2.8, 3.9, 1.5, 1.3, 0.9, 0.8, 2.0, 20.7, 0.0, 0.0, -0.3
177, Obi Toppin , IND, 26, 75, 42, 33, 21.3, 10.0, 3.9, 6.9, 57.0, 1.2, 3.0, 40.2, 0.9, 1.2, 75.8, 1.0, 2.8, 3.8, 1.5, 0.8, 0.5, 0.5, 1.7, 19.0, 1.0, 0.0, 1.0
178, Jalen Smith , IND, 24, 54, 31, 23, 17.5, 9.9, 3.9, 6.4, 59.9, 1.1, 2.4, 43.5, 1.2, 1.7, 68.1, 1.7, 3.8, 5.5, 1.0, 0.7, 0.3, 0.6, 2.1, 20.1, 4.0, 0.0, -0.5
179, Josh Richardson , MIA, 30, 43, 24, 19, 25.6, 9.9, 3.6, 8.1, 44.4, 1.5, 4.4, 34.7, 1.2, 1.3, 94.4, 0.4, 2.4, 2.8, 2.4, 0.8, 0.6, 0.3, 1.8, 18.7, 0.0, 0.0, -2.5
180, Grant Williams , CHA, 25, 70, 32, 38, 27.5, 9.9, 3.4, 7.7, 44.5, 1.6, 4.5, 36.5, 1.3, 1.8, 75.2, 1.1, 3.0, 4.1, 2.0, 1.4, 0.6, 0.5, 2.9, 19.7, 2.0, 0.0, -3.0
181, Nick Richards , CHA, 26, 64, 13, 51, 26.6, 9.8, 3.9, 5.7, 68.8, 0.0, 0.0, 0.0, 2.0, 2.8, 73.3, 2.6, 5.6, 8.2, 0.8, 1.1, 0.4, 1.2, 2.6, 24.4, 19.0, 0.0, -6.7
182, Tari Eason , HOU, 22, 22, 12, 10, 21.8, 9.8, 4.0, 8.6, 46.6, 0.8, 2.3, 36.0, 1.0, 1.5, 63.6, 2.1, 4.9, 7.0, 1.2, 0.9, 1.4, 0.9, 2.3, 25.9, 3.0, 0.0, 4.0
183, Tre Jones , SAS, 24, 70, 17, 53, 27.2, 9.8, 3.8, 7.4, 51.2, 0.8, 2.3, 35.0, 1.4, 1.6, 87.6, 0.7, 2.7, 3.5, 6.1, 1.5, 1.0, 0.1, 1.2, 24.8, 3.0, 0.0, -0.9
184, Lonnie Walker IV , BKN, 25, 53, 22, 31, 16.8, 9.7, 3.5, 8.3, 42.9, 1.8, 4.6, 39.6, 0.8, 1.0, 76.4, 0.2, 1.8, 2.0, 1.2, 0.9, 0.5, 0.3, 1.3, 15.5, 0.0, 0.0, 0.9
185, T.J. McConnell , IND, 32, 64, 35, 29, 18.0, 9.7, 4.4, 8.0, 54.9, 0.2, 0.6, 37.8, 0.7, 0.9, 78.3, 0.5, 2.2, 2.7, 5.3, 1.5, 1.0, 0.1, 1.0, 22.8, 3.0, 0.0, 0.6
186, Georges Niang , CLE, 30, 75, 45, 30, 22.6, 9.6, 3.5, 7.8, 45.3, 1.9, 4.9, 38.2, 0.6, 0.7, 85.7, 0.3, 3.2, 3.5, 1.2, 0.9, 0.3, 0.2, 2.3, 16.3, 0.0, 0.0, 0.7
187, Brandon Clarke , MEM, 27, 2, 0, 2, 20.3, 9.5, 4.5, 8.0, 56.3, 0.0, 1.0, 0.0, 0.5, 1.5, 33.3, 1.5, 3.0, 4.5, 2.0, 0.0, 1.0, 0.5, 1.5, 22.4, 0.0, 0.0, 4.5
188, Talen Horton-Tucker , UTA, 23, 46, 12, 34, 19.1, 9.5, 3.3, 8.6, 38.9, 1.1, 3.4, 32.3, 1.7, 2.1, 80.2, 0.4, 1.9, 2.3, 3.6, 1.2, 0.9, 0.3, 1.7, 20.1, 1.0, 0.0, -1.8
189, Isaac Okoro , CLE, 23, 65, 39, 26, 27.4, 9.4, 3.4, 7.1, 48.6, 1.2, 3.2, 38.8, 1.3, 1.9, 68.0, 1.0, 2.0, 3.0, 1.9, 0.8, 0.8, 0.5, 2.1, 19.2, 0.0, 0.0, 0.3
190, Kelly Olynyk , TOR, 32, 72, 29, 43, 22.0, 9.4, 3.4, 6.2, 54.9, 0.8, 2.0, 39.0, 1.8, 2.2, 82.7, 1.4, 3.7, 5.1, 4.5, 1.9, 0.9, 0.4, 2.9, 24.2, 6.0, 0.0, -3.5
191, Andrew Nembhard , IND, 24, 61, 36, 25, 24.7, 9.3, 3.9, 7.8, 50.0, 0.9, 2.5, 36.2, 0.6, 0.8, 78.7, 0.5, 1.5, 2.1, 4.1, 1.5, 0.9, 0.1, 2.1, 19.5, 1.0, 0.0, 0.5
192, Duop Reath , POR, 27, 60, 15, 45, 18.2, 9.3, 3.5, 7.3, 47.6, 1.3, 3.6, 36.9, 1.0, 1.4, 73.5, 1.4, 2.2, 3.6, 1.1, 0.9, 0.5, 0.6, 2.5, 17.5, 1.0, 0.0, -2.9
193, Brandin Podziemski , GSW, 21, 66, 35, 31, 26.7, 9.2, 3.7, 8.2, 44.5, 1.2, 3.3, 36.9, 0.7, 1.2, 61.8, 1.6, 4.1, 5.8, 3.7, 1.2, 0.9, 0.2, 1.7, 23.7, 7.0, 0.0, 3.5
194, Amen Thompson , HOU, 21, 55, 27, 28, 21.4, 9.2, 3.7, 7.1, 52.7, 0.1, 1.0, 14.3, 1.6, 2.4, 67.9, 2.2, 4.1, 6.3, 2.4, 1.4, 1.2, 0.6, 2.3, 24.5, 10.0, 0.0, 0.5
195, Chris Paul , GSW, 38, 50, 27, 23, 26.3, 9.1, 3.5, 7.8, 44.4, 1.3, 3.5, 37.9, 0.8, 1.0, 82.0, 0.4, 3.6, 4.0, 6.9, 1.2, 1.2, 0.1, 1.8, 26.6, 5.0, 0.0, 1.3
196, Kevin Love , MIA, 35, 47, 26, 21, 17.5, 9.0, 2.9, 6.5, 44.3, 1.6, 4.5, 34.9, 1.7, 2.2, 77.9, 1.1, 5.1, 6.2, 2.2, 0.8, 0.3, 0.2, 1.8, 20.6, 4.0, 0.0, 1.8
197, Josh Hart , NYK, 29, 73, 43, 30, 33.0, 9.0, 3.5, 8.3, 41.8, 1.0, 3.4, 30.5, 1.1, 1.4, 77.5, 1.6, 6.7, 8.3, 4.0, 1.4, 0.9, 0.3, 2.0, 27.0, 18.0, 6.0, 4.1
198, Taurean Prince , LAL, 30, 71, 39, 32, 27.6, 9.0, 3.3, 7.4, 44.1, 1.8, 4.7, 38.9, 0.6, 0.9, 71.9, 0.2, 2.7, 2.9, 1.5, 0.9, 0.7, 0.5, 2.0, 17.5, 0.0, 0.0, -2.0
199, Draymond Green , GSW, 34, 49, 29, 20, 26.7, 8.9, 3.4, 7.0, 49.6, 0.9, 2.4, 38.8, 1.1, 1.4, 75.4, 1.4, 5.9, 7.2, 6.0, 2.4, 0.9, 0.8, 3.0, 29.4, 8.0, 1.0, 3.0
200, Jake LaRavia , MEM, 22, 29, 5, 24, 20.6, 8.9, 2.8, 7.6, 36.7, 1.2, 3.9, 30.1, 2.1, 2.7, 78.2, 1.5, 2.0, 3.5, 1.4, 0.9, 0.8, 0.3, 1.9, 17.5, 2.0, 0.0, -4.5
201, Ausar Thompson , DET, 21, 63, 10, 53, 25.1, 8.8, 3.7, 7.6, 48.3, 0.3, 1.8, 18.6, 1.1, 1.9, 59.7, 2.0, 4.3, 6.4, 1.9, 1.3, 1.1, 0.9, 2.8, 24.1, 2.0, 0.0, -3.7
202, Dalano Banton , POR, 24, 47, 22, 25, 17.0, 8.8, 3.2, 7.7, 41.5, 1.0, 3.0, 32.4, 1.4, 1.8, 77.6, 0.8, 2.3, 3.1, 1.9, 1.3, 0.5, 0.3, 1.2, 16.5, 1.0, 0.0, -4.0
203, Dereck Lively II , DAL, 20, 55, 35, 20, 23.5, 8.8, 4.0, 5.4, 74.7, 0.0, 0.0, 0.0, 0.7, 1.5, 50.6, 2.5, 4.4, 6.9, 1.1, 0.9, 0.7, 1.4, 2.6, 23.9, 8.0, 0.0, 2.6
204, Malaki Branham , SAS, 20, 70, 16, 54, 20.4, 8.8, 3.4, 8.0, 42.8, 1.1, 3.3, 33.5, 0.8, 0.8, 89.8, 0.4, 1.5, 1.9, 2.1, 1.2, 0.4, 0.1, 1.2, 14.5, 0.0, 0.0, -5.1
205, Derrick Jones Jr. , DAL, 27, 69, 42, 27, 23.3, 8.7, 3.2, 6.5, 49.1, 1.1, 3.1, 34.9, 1.3, 1.8, 71.3, 1.1, 2.3, 3.3, 1.0, 0.9, 0.7, 0.6, 1.6, 17.3, 2.0, 0.0, 0.5
206, Dorian Finney-Smith , BKN, 30, 65, 26, 39, 28.5, 8.7, 3.2, 7.6, 42.0, 1.8, 5.0, 35.2, 0.5, 0.7, 72.7, 1.6, 3.0, 4.7, 1.6, 0.8, 0.8, 0.6, 2.2, 20.1, 0.0, 0.0, -1.4
207, Tre Mann , CHA, 23, 33, 18, 15, 22.3, 8.6, 3.3, 7.2, 46.0, 1.1, 2.9, 37.5, 0.9, 1.2, 74.4, 0.5, 3.1, 3.6, 3.7, 1.5, 1.0, 0.0, 1.2, 20.0, 0.0, 0.0, -2.6
208, Payton Pritchard , BOS, 26, 74, 58, 16, 21.5, 8.6, 3.2, 7.1, 44.8, 1.7, 4.5, 38.3, 0.5, 0.6, 81.3, 0.9, 2.3, 3.2, 3.0, 0.7, 0.4, 0.1, 1.3, 17.8, 1.0, 0.0, 4.7
209, Sam Hauser , BOS, 26, 71, 56, 15, 21.4, 8.6, 3.0, 6.5, 45.9, 2.4, 5.6, 43.3, 0.2, 0.2, 88.2, 0.5, 2.9, 3.4, 0.9, 0.4, 0.5, 0.3, 1.3, 16.1, 0.0, 0.0, 5.5
210, Al Horford , BOS, 37, 60, 47, 13, 27.2, 8.5, 3.2, 6.4, 50.5, 1.7, 3.9, 41.9, 0.4, 0.5, 89.3, 1.3, 5.2, 6.5, 2.6, 0.7, 0.6, 1.0, 1.5, 24.2, 3.0, 0.0, 6.5
211, Josh Green , DAL, 23, 54, 31, 23, 26.6, 8.5, 3.2, 6.6, 49.3, 1.3, 3.3, 40.1, 0.7, 1.0, 67.3, 0.7, 2.5, 3.2, 2.3, 1.1, 0.8, 0.2, 1.9, 17.8, 0.0, 0.0, -0.9
212, Jabari Walker , POR, 21, 65, 16, 49, 22.6, 8.5, 3.2, 6.6, 47.5, 0.5, 1.8, 28.0, 1.7, 2.2, 75.5, 1.9, 4.4, 6.4, 0.9, 0.9, 0.6, 0.3, 2.4, 19.4, 7.0, 0.0, -4.6
213, Bilal Coulibaly , WAS, 19, 63, 11, 52, 27.2, 8.4, 3.0, 6.9, 43.5, 1.0, 2.9, 34.6, 1.5, 2.1, 70.2, 0.9, 3.2, 4.1, 1.7, 1.4, 0.9, 0.8, 2.2, 19.6, 1.0, 0.0, -6.7
214, Terance Mann , LAC, 27, 67, 43, 24, 25.3, 8.4, 3.2, 6.5, 48.9, 1.0, 2.9, 34.4, 1.0, 1.2, 83.1, 1.1, 2.2, 3.3, 1.6, 0.6, 0.6, 0.2, 1.9, 16.6, 1.0, 0.0, 0.6
215, Kyle Lowry , PHI, 38, 55, 27, 28, 28.4, 8.4, 2.8, 6.5, 42.8, 1.7, 4.3, 38.7, 1.1, 1.3, 84.5, 0.6, 2.7, 3.3, 4.2, 1.4, 1.0, 0.4, 2.4, 21.4, 3.0, 0.0, -0.9
216, Andre Drummond , CHI, 30, 75, 36, 39, 17.0, 8.3, 3.3, 6.1, 55.1, 0.0, 0.0, 0.0, 1.6, 2.7, 59.2, 3.3, 5.5, 8.8, 0.5, 1.0, 0.9, 0.6, 1.8, 23.2, 15.0, 0.0, 0.2
217, Precious Achiuwa , NYK, 24, 67, 35, 32, 22.7, 8.2, 3.4, 6.7, 51.0, 0.4, 1.4, 26.9, 1.0, 1.7, 61.6, 2.7, 4.1, 6.9, 1.4, 1.2, 0.7, 1.0, 1.9, 22.4, 9.0, 0.0, -0.2
218, Ziaire Williams , MEM, 22, 51, 20, 31, 20.3, 8.2, 2.9, 7.4, 39.7, 1.1, 3.7, 30.7, 1.2, 1.5, 82.7, 0.7, 2.8, 3.5, 1.5, 1.3, 0.7, 0.2, 1.7, 16.0, 1.0, 0.0, -4.8
219, Dante Exum , DAL, 28, 48, 31, 17, 19.3, 8.2, 3.1, 5.6, 55.2, 1.0, 1.9, 51.6, 1.1, 1.4, 77.3, 0.4, 2.1, 2.5, 2.8, 0.8, 0.4, 0.1, 1.6, 16.3, 0.0, 0.0, 3.7
220, Jordan Hawkins , NOP, 21, 63, 37, 26, 17.9, 8.2, 2.7, 7.1, 38.3, 1.7, 4.6, 36.4, 1.1, 1.3, 83.8, 0.4, 1.8, 2.3, 1.1, 0.6, 0.3, 0.1, 1.1, 13.1, 0.0, 0.0, 0.3
221, Sam Merrill , CLE, 27, 57, 35, 22, 17.8, 8.2, 2.7, 6.5, 40.8, 2.4, 5.9, 40.8, 0.4, 0.5, 92.3, 0.4, 1.6, 2.0, 1.8, 0.3, 0.3, 0.1, 1.2, 14.1, 0.0, 0.0, 0.9
222, Isaiah Joe , OKC, 24, 70, 49, 21, 18.4, 8.1, 2.8, 6.2, 45.7, 1.9, 4.5, 42.0, 0.5, 0.6, 86.4, 0.4, 1.9, 2.2, 1.2, 0.6, 0.5, 0.3, 1.1, 14.4, 0.0, 0.0, 4.5
223, Walker Kessler , UTA, 22, 63, 26, 37, 23.6, 8.1, 3.6, 5.5, 65.1, 0.1, 0.3, 21.1, 0.9, 1.5, 60.2, 2.6, 5.0, 7.6, 0.9, 1.0, 0.5, 2.4, 2.1, 26.4, 7.0, 0.0, -2.2
224, Dario Saric , GSW, 29, 62, 33, 29, 17.4, 8.1, 2.9, 6.1, 46.5, 1.2, 3.1, 37.6, 1.2, 1.4, 85.4, 1.1, 3.3, 4.5, 2.3, 1.2, 0.5, 0.1, 1.8, 17.6, 2.0, 0.0, -0.4
225, Moses Moody , GSW, 21, 58, 32, 26, 17.2, 8.1, 3.0, 6.4, 46.5, 1.1, 3.0, 34.7, 1.1, 1.4, 80.0, 1.0, 2.0, 3.0, 0.8, 0.7, 0.7, 0.4, 1.3, 15.4, 0.0, 0.0, 1.4
226, Derrick Rose , MEM, 35, 24, 6, 18, 16.6, 8.0, 3.2, 6.9, 46.1, 0.6, 1.7, 36.6, 1.0, 1.1, 88.9, 0.3, 1.6, 1.9, 3.3, 1.3, 0.3, 0.1, 0.9, 15.0, 0.0, 0.0, -1.4
227, Miles McBride , NYK, 23, 61, 37, 24, 18.5, 7.9, 2.9, 6.4, 45.4, 1.5, 3.7, 41.8, 0.6, 0.7, 86.0, 0.4, 0.9, 1.3, 1.6, 0.4, 0.8, 0.1, 1.6, 14.0, 0.0, 0.0, 0.0
228, Royce O'Neale , PHX, 30, 71, 32, 39, 24.8, 7.8, 2.7, 6.9, 39.8, 2.0, 5.4, 37.3, 0.3, 0.4, 67.7, 0.8, 4.0, 4.8, 2.8, 1.0, 0.7, 0.6, 2.2, 20.6, 3.0, 0.0, 0.8
229, Gradey Dick , TOR, 20, 53, 16, 37, 20.0, 7.8, 2.8, 6.8, 42.2, 1.3, 3.7, 36.0, 0.7, 0.8, 86.4, 0.5, 1.5, 2.0, 1.3, 0.8, 0.6, 0.0, 1.5, 13.1, 0.0, 0.0, -5.8
230, Markelle Fultz , ORL, 25, 35, 21, 14, 21.5, 7.7, 3.5, 7.6, 46.6, 0.1, 0.4, 21.4, 0.5, 0.8, 63.0, 1.3, 1.9, 3.2, 3.0, 1.1, 1.0, 0.3, 1.5, 19.0, 0.0, 0.0, 1.1
231, Trayce Jackson-Davis , GSW, 24, 60, 33, 27, 15.7, 7.6, 3.3, 4.7, 70.5, 0.0, 0.0, 0.0, 1.0, 1.9, 55.0, 1.9, 2.8, 4.8, 1.2, 0.6, 0.4, 1.1, 1.7, 18.8, 5.0, 0.0, 0.7
232, Nickeil Alexander-Walker , MIN, 25, 74, 51, 23, 23.5, 7.6, 2.7, 6.4, 43.0, 1.5, 4.0, 38.2, 0.6, 0.8, 78.6, 0.4, 1.6, 2.0, 2.5, 0.9, 0.8, 0.5, 1.8, 16.8, 0.0, 0.0, 3.6
233, Cameron Payne , PHI, 29, 71, 39, 32, 16.4, 7.6, 2.7, 6.2, 44.0, 1.3, 3.4, 39.3, 0.8, 0.9, 86.6, 0.2, 1.2, 1.4, 2.6, 0.8, 0.5, 0.1, 1.6, 14.0, 0.0, 0.0, -0.4
234, Marcus Sasser , DET, 23, 64, 10, 54, 17.8, 7.6, 2.8, 6.5, 43.2, 1.2, 3.0, 37.9, 0.8, 0.9, 87.3, 0.1, 1.6, 1.7, 3.2, 1.1, 0.6, 0.1, 1.5, 15.5, 1.0, 0.0, -3.0
235, Isaiah Hartenstein , NYK, 25, 68, 42, 26, 25.0, 7.5, 3.0, 4.8, 63.4, 0.0, 0.0, 33.3, 1.5, 2.0, 73.0, 3.3, 5.1, 8.4, 2.3, 1.2, 1.1, 1.1, 2.8, 26.6, 8.0, 0.0, 5.2
236, Cody Martin , CHA, 28, 28, 7, 21, 26.9, 7.5, 2.9, 7.7, 38.1, 1.0, 3.1, 31.4, 0.7, 1.2, 60.6, 0.7, 3.2, 3.9, 3.7, 1.6, 1.1, 0.6, 1.7, 21.6, 1.0, 0.0, -5.6
237, Toumani Camara , POR, 23, 70, 19, 51, 24.8, 7.5, 2.8, 6.3, 45.0, 0.8, 2.5, 33.7, 1.1, 1.4, 75.8, 2.0, 2.9, 4.9, 1.2, 1.2, 0.9, 0.5, 2.5, 18.3, 2.0, 0.0, -2.7
238, Jaden Hardy , DAL, 21, 65, 39, 26, 13.6, 7.4, 2.7, 6.6, 41.1, 1.2, 3.2, 36.7, 0.8, 1.0, 76.6, 0.2, 1.4, 1.7, 1.5, 0.8, 0.3, 0.1, 1.1, 11.9, 0.0, 0.0, -1.2
239, Naji Marshall , NOP, 26, 62, 40, 22, 19.3, 7.3, 2.6, 5.7, 46.1, 0.9, 2.4, 38.5, 1.0, 1.3, 79.3, 0.8, 2.9, 3.7, 2.0, 1.0, 0.7, 0.2, 1.4, 16.5, 0.0, 0.0, 3.4
240, Trey Lyles , SAC, 28, 50, 30, 20, 19.7, 7.2, 2.4, 5.4, 44.8, 1.4, 3.7, 38.9, 0.9, 1.3, 70.8, 1.0, 3.4, 4.4, 1.2, 0.7, 0.3, 0.3, 1.6, 15.2, 0.0, 0.0, 2.4
241, Kevin Knox II , DET, 24, 31, 4, 27, 18.1, 7.2, 2.8, 6.0, 46.2, 1.0, 3.0, 33.0, 0.6, 0.7, 90.9, 0.6, 1.8, 2.4, 0.7, 0.7, 0.4, 0.2, 1.6, 12.4, 1.0, 0.0, -2.7
242, Paul Reed , PHI, 24, 75, 40, 35, 19.3, 7.2, 3.1, 5.8, 53.1, 0.3, 0.7, 37.0, 0.8, 1.1, 73.8, 2.4, 3.5, 5.9, 1.3, 0.8, 0.8, 1.0, 2.4, 20.7, 6.0, 0.0, 0.4
243, Christian Braun , DEN, 22, 75, 52, 23, 19.6, 7.1, 2.6, 5.8, 45.8, 0.7, 1.9, 37.6, 1.1, 1.6, 69.1, 0.9, 2.7, 3.6, 1.4, 0.7, 0.5, 0.4, 1.7, 15.7, 1.0, 0.0, -0.8
244, Landry Shamet , WAS, 27, 46, 6, 40, 15.8, 7.1, 2.6, 6.0, 43.1, 1.2, 3.4, 33.8, 0.8, 1.0, 82.6, 0.3, 1.0, 1.3, 1.2, 0.7, 0.5, 0.2, 1.7, 12.1, 0.0, 0.0, -3.2
245, Gary Harris , ORL, 29, 47, 31, 16, 23.0, 7.1, 2.5, 5.5, 45.6, 1.4, 3.7, 37.5, 0.7, 0.9, 74.4, 0.4, 1.2, 1.6, 1.5, 0.6, 0.9, 0.3, 1.7, 14.2, 0.0, 0.0, 1.4
246, Quentin Grimes , DET, 23, 51, 32, 19, 20.1, 7.0, 2.4, 6.4, 37.2, 1.6, 4.7, 33.8, 0.7, 0.9, 75.6, 0.3, 1.7, 2.0, 1.3, 0.5, 0.7, 0.1, 1.5, 13.3, 0.0, 0.0, -0.8
247, Day'Ron Sharpe , BKN, 22, 57, 23, 34, 15.1, 7.0, 2.8, 4.8, 58.4, 0.1, 0.2, 30.8, 1.3, 2.2, 61.0, 2.6, 3.7, 6.3, 1.4, 1.1, 0.4, 0.7, 2.2, 19.0, 6.0, 0.0, 1.5
247, Keon Johnson , BKN, 22, 4, 0, 4, 12.8, 7.0, 1.8, 4.8, 36.8, 1.0, 2.3, 44.4, 2.5, 2.5, 100, 0.8, 0.5, 1.3, 0.8, 1.0, 0.8, 0.3, 1.0, 11.6, 0.0, 0.0, -5.8
249, James Wiseman , DET, 23, 55, 8, 47, 16.1, 6.9, 2.9, 4.6, 63.9, 0.0, 0.0, 0.0, 1.1, 1.5, 70.6, 1.7, 3.3, 5.0, 0.8, 1.0, 0.2, 0.6, 2.2, 15.4, 4.0, 0.0, -5.0
250, Jonathan Isaac , ORL, 26, 51, 31, 20, 15.3, 6.9, 2.6, 4.9, 52.2, 0.7, 1.9, 39.6, 1.1, 1.5, 72.0, 1.3, 3.1, 4.4, 0.5, 0.5, 0.7, 1.2, 1.1, 18.2, 0.0, 0.0, 3.7
251, Christian Wood , LAL, 28, 50, 28, 22, 17.4, 6.9, 2.5, 5.3, 46.6, 0.7, 2.3, 30.7, 1.3, 1.9, 70.2, 0.8, 4.3, 5.1, 1.0, 1.0, 0.3, 0.7, 1.4, 16.4, 2.0, 0.0, 0.1
252, Taylor Hendricks , UTA, 20, 33, 11, 22, 20.8, 6.9, 2.5, 5.9, 43.3, 1.2, 3.5, 34.5, 0.6, 0.8, 80.0, 1.2, 3.5, 4.7, 0.6, 0.7, 0.6, 0.8, 2.1, 16.9, 1.0, 0.0, -3.8
253, Jose Alvarado , NOP, 25, 51, 34, 17, 17.8, 6.9, 2.5, 6.1, 40.8, 1.3, 3.5, 37.1, 0.7, 1.0, 68.0, 0.4, 1.8, 2.3, 2.1, 0.7, 1.1, 0.3, 1.5, 16.1, 0.0, 0.0, 4.1
254, Cason Wallace , OKC, 20, 74, 52, 22, 20.6, 6.9, 2.7, 5.3, 50.1, 1.2, 2.9, 42.7, 0.3, 0.4, 75.8, 0.6, 1.6, 2.3, 1.4, 0.5, 0.8, 0.4, 1.6, 14.9, 0.0, 0.0, 1.5
255, Killian Hayes , DET, 22, 42, 7, 35, 24.0, 6.9, 2.8, 6.7, 41.3, 0.5, 1.8, 29.7, 0.8, 1.2, 66.0, 0.3, 2.6, 2.8, 4.9, 1.2, 0.9, 0.5, 1.8, 20.4, 0.0, 0.0, -5.8
256, David Roddy , PHX, 23, 62, 22, 40, 18.9, 6.9, 2.7, 6.6, 40.4, 0.8, 2.6, 29.3, 0.8, 1.1, 69.1, 0.9, 2.5, 3.4, 1.3, 0.9, 0.4, 0.2, 1.1, 13.7, 0.0, 0.0, -3.7
257, Robert Williams III , POR, 26, 6, 2, 4, 19.8, 6.8, 2.8, 4.3, 65.4, 0.0, 0.0, 0.0, 1.2, 1.5, 77.8, 1.8, 4.5, 6.3, 0.8, 1.2, 1.2, 1.2, 2.8, 21.5, 0.0, 0.0, -5.0
258, Vasilije Micic , CHA, 30, 53, 31, 22, 18.8, 6.8, 2.6, 5.9, 43.9, 0.7, 2.4, 27.8, 1.0, 1.2, 79.7, 0.3, 1.1, 1.4, 4.1, 1.6, 0.5, 0.1, 1.1, 15.0, 3.0, 0.0, -0.4
259, Evan Fournier , DET, 31, 25, 7, 18, 17.4, 6.8, 2.4, 6.7, 35.1, 1.1, 4.2, 26.9, 1.0, 1.2, 82.8, 0.2, 1.6, 1.8, 1.4, 0.7, 1.0, 0.1, 1.6, 13.8, 0.0, 0.0, -3.8
260, Jordan Nwora , TOR, 25, 45, 13, 32, 12.9, 6.8, 2.6, 5.6, 45.7, 0.8, 2.5, 31.5, 0.8, 1.0, 86.0, 0.4, 2.0, 2.5, 1.1, 0.9, 0.5, 0.2, 1.0, 12.8, 0.0, 0.0, -3.0
261, Cedi Osman , SAS, 28, 71, 17, 54, 17.6, 6.7, 2.5, 5.3, 47.7, 1.2, 3.1, 38.7, 0.5, 0.7, 67.3, 0.4, 2.1, 2.5, 1.7, 0.7, 0.5, 0.2, 1.5, 13.6, 0.0, 0.0, -5.0
262, Nikola Jovic , MIA, 20, 38, 19, 19, 18.6, 6.7, 2.4, 5.5, 43.8, 1.3, 3.2, 40.8, 0.6, 1.0, 62.2, 0.6, 3.5, 4.1, 1.9, 0.9, 0.6, 0.3, 1.8, 16.3, 0.0, 0.0, 3.9
263, Marcus Morris Sr. , CLE, 34, 44, 25, 19, 17.2, 6.7, 2.5, 5.6, 43.9, 1.0, 2.5, 40.5, 0.8, 1.0, 83.3, 0.5, 2.5, 2.9, 0.8, 0.6, 0.3, 0.3, 1.5, 12.5, 0.0, 0.0, -1.0
264, Jahmi'us Ramsey , TOR, 22, 7, 0, 7, 17.3, 6.7, 2.6, 5.9, 43.9, 0.9, 3.1, 27.3, 0.7, 0.9, 83.3, 0.6, 2.6, 3.1, 1.1, 1.0, 1.0, 0.0, 1.4, 14.2, 0.0, 0.0, -4.0
265, Aaron Holiday , HOU, 27, 71, 37, 34, 16.5, 6.6, 2.4, 5.4, 44.5, 1.1, 2.8, 39.2, 0.8, 0.8, 91.5, 0.3, 1.4, 1.6, 1.8, 0.7, 0.5, 0.1, 1.5, 12.6, 0.0, 0.0, 1.2
266, Peyton Watson , DEN, 21, 73, 51, 22, 18.2, 6.6, 2.6, 5.6, 46.2, 0.6, 2.0, 29.9, 0.9, 1.3, 67.3, 0.7, 2.4, 3.0, 1.0, 0.7, 0.5, 1.0, 1.7, 15.6, 0.0, 0.0, -1.0
267, Lamar Stevens , MEM, 26, 34, 19, 15, 13.1, 6.6, 2.6, 5.7, 46.6, 0.3, 1.0, 31.4, 1.0, 1.3, 79.1, 0.8, 2.1, 3.0, 0.6, 0.7, 0.5, 0.5, 1.1, 13.3, 0.0, 0.0, -0.9
268, Dennis Smith Jr. , BKN, 26, 56, 19, 37, 18.9, 6.6, 2.6, 6.0, 43.5, 0.6, 1.9, 29.4, 0.8, 1.0, 74.1, 0.9, 2.0, 2.9, 3.6, 1.2, 1.2, 0.2, 2.2, 18.6, 3.0, 0.0, -0.6
269, Kyle Anderson , MIN, 30, 71, 50, 21, 22.9, 6.6, 2.6, 5.5, 46.9, 0.1, 0.6, 22.5, 1.3, 1.8, 71.8, 0.8, 2.8, 3.6, 4.3, 1.2, 0.9, 0.6, 1.5, 20.4, 0.0, 0.0, 2.3
270, Isaiah Jackson , IND, 22, 55, 33, 22, 12.8, 6.6, 2.7, 4.0, 66.7, 0.0, 0.1, 0.0, 1.3, 1.8, 70.4, 1.5, 2.5, 4.1, 0.9, 0.7, 0.6, 1.0, 2.4, 16.8, 4.0, 0.0, 0.1
271, Chris Boucher , TOR, 31, 50, 16, 34, 14.1, 6.4, 2.2, 4.3, 50.7, 0.6, 1.9, 33.0, 1.4, 1.8, 77.2, 1.2, 2.9, 4.1, 0.5, 0.6, 0.3, 0.5, 1.4, 13.8, 0.0, 0.0, 0.6
272, Jae Crowder , MIL, 33, 43, 24, 19, 23.2, 6.4, 2.3, 5.3, 44.3, 1.2, 3.3, 36.4, 0.5, 0.7, 72.4, 0.5, 2.7, 3.2, 1.4, 0.4, 0.8, 0.2, 1.6, 14.8, 0.0, 0.0, -1.1
273, Matt Ryan , NOP, 26, 24, 13, 11, 15.6, 6.3, 2.0, 4.7, 43.8, 1.7, 3.8, 45.6, 0.5, 0.6, 92.9, 0.3, 1.4, 1.6, 0.7, 0.8, 0.3, 0.0, 1.3, 9.5, 0.0, 0.0, 0.8
274, Jeff Green , HOU, 37, 70, 36, 34, 16.6, 6.3, 2.1, 4.5, 46.2, 0.6, 1.8, 33.6, 1.6, 1.9, 81.3, 0.6, 1.7, 2.2, 0.8, 0.6, 0.2, 0.4, 1.3, 11.4, 0.0, 0.0, -0.8
275, Mitchell Robinson , NYK, 26, 23, 13, 10, 28.1, 6.3, 2.8, 4.8, 58.2, 0.0, 0.0, 0.0, 0.7, 1.9, 38.6, 5.2, 4.8, 10.0, 0.7, 1.1, 1.4, 1.3, 1.9, 26.2, 2.0, 0.0, 1.6
276, Aaron Wiggins , OKC, 25, 70, 50, 20, 14.8, 6.3, 2.5, 4.3, 57.7, 0.8, 1.6, 49.5, 0.6, 0.8, 76.4, 0.8, 1.5, 2.3, 0.9, 0.7, 0.6, 0.2, 1.1, 12.3, 0.0, 0.0, 0.9
277, Brice Sensabaugh , UTA, 20, 25, 6, 19, 16.8, 6.2, 2.2, 6.0, 37.6, 0.8, 3.2, 24.7, 1.0, 1.1, 85.7, 0.4, 2.4, 2.8, 1.6, 1.5, 0.4, 0.1, 1.1, 12.0, 1.0, 0.0, -4.9
278, Trey Jemison , MEM, 24, 18, 3, 15, 19.5, 6.2, 2.7, 4.6, 59.0, 0.0, 0.0, 0.0, 0.8, 0.9, 82.4, 2.1, 2.1, 4.2, 0.9, 1.2, 0.4, 0.9, 2.7, 15.2, 0.0, 0.0, -2.6
279, Trendon Watford , BKN, 23, 56, 22, 34, 12.0, 6.2, 2.4, 4.4, 53.8, 0.4, 1.0, 40.0, 1.1, 1.2, 85.5, 0.8, 1.9, 2.8, 1.2, 0.8, 0.4, 0.3, 1.6, 12.5, 0.0, 0.0, 0.0
280, Davis Bertans , CHA, 31, 36, 18, 18, 14.3, 6.2, 1.9, 5.0, 38.0, 1.7, 4.3, 38.7, 0.8, 0.8, 90.0, 0.2, 1.1, 1.3, 0.8, 0.3, 0.5, 0.2, 1.1, 10.9, 0.0, 0.0, -1.3
281, Julian Champagnie , SAS, 22, 67, 15, 52, 18.5, 6.2, 2.0, 5.0, 39.6, 1.3, 3.6, 36.8, 0.9, 1.1, 81.7, 0.6, 2.0, 2.6, 1.3, 0.7, 0.6, 0.5, 1.0, 14.0, 0.0, 0.0, -1.7
282, Ben Simmons , BKN, 27, 15, 7, 8, 23.9, 6.1, 2.9, 4.9, 58.1, 0.0, 0.0, 0.0, 0.4, 1.0, 40.0, 2.1, 5.9, 7.9, 5.7, 1.8, 0.8, 0.6, 2.4, 26.7, 3.0, 0.0, -2.5
283, Amir Coffey , LAC, 26, 62, 42, 20, 19.6, 6.1, 2.2, 4.4, 50.4, 0.9, 2.3, 41.4, 0.8, 0.9, 87.5, 0.4, 1.5, 1.9, 1.1, 0.5, 0.5, 0.2, 1.4, 11.6, 1.0, 0.0, -1.0
284, Torrey Craig , CHI, 33, 46, 19, 27, 20.3, 6.1, 2.2, 5.0, 43.5, 1.2, 3.1, 39.2, 0.5, 0.7, 75.8, 1.4, 2.8, 4.1, 1.1, 0.6, 0.6, 0.4, 2.2, 15.1, 0.0, 0.0, -3.8
285, Daniel Theis , LAC, 31, 55, 37, 18, 16.6, 6.0, 2.5, 4.7, 52.7, 0.4, 1.1, 37.3, 0.6, 0.8, 73.9, 1.4, 2.5, 3.9, 1.1, 0.7, 0.3, 0.8, 2.1, 15.1, 0.0, 0.0, 1.0
285, Javon Freeman-Liberty , TOR, 24, 14, 1, 13, 16.9, 6.0, 2.1, 5.1, 42.3, 0.3, 1.7, 16.7, 1.4, 1.6, 90.9, 0.6, 2.3, 2.9, 1.6, 0.9, 0.4, 0.1, 1.2, 12.4, 0.0, 0.0, -4.9
285, Justin Champagnie , WAS, 22, 10, 3, 7, 15.1, 6.0, 2.0, 5.0, 40.0, 1.0, 3.2, 31.3, 1.0, 1.2, 83.3, 1.1, 1.8, 2.9, 1.2, 0.9, 0.6, 0.6, 1.2, 14.0, 0.0, 0.0, -4.0
285, Patrick Beverley , MIL, 35, 68, 41, 27, 19.6, 6.0, 2.1, 5.1, 40.8, 0.8, 2.5, 32.3, 1.0, 1.3, 81.4, 0.6, 2.4, 3.1, 2.8, 0.9, 0.6, 0.4, 1.8, 16.0, 1.0, 0.0, -1.0
289, Haywood Highsmith , MIA, 27, 58, 34, 24, 19.9, 6.0, 2.2, 4.9, 45.4, 1.2, 2.9, 40.4, 0.4, 0.6, 69.7, 0.8, 2.0, 2.8, 1.0, 0.5, 0.8, 0.4, 1.7, 14.1, 0.0, 0.0, -0.2
290, Craig Porter Jr. , CLE, 24, 48, 29, 19, 13.3, 5.9, 2.4, 4.7, 50.9, 0.3, 0.7, 35.3, 0.9, 1.2, 73.2, 0.4, 1.8, 2.2, 2.4, 0.9, 0.4, 0.3, 0.8, 13.4, 0.0, 0.0, -0.5
291, Danilo Gallinari , MIL, 35, 45, 15, 30, 13.1, 5.9, 1.8, 4.0, 43.9, 0.6, 2.0, 32.2, 1.7, 2.0, 85.6, 0.4, 1.8, 2.2, 1.2, 0.4, 0.3, 0.1, 1.0, 11.1, 0.0, 0.0, -2.1
292, Vit Krejci , ATL, 23, 14, 7, 7, 25.8, 5.9, 2.2, 4.6, 48.4, 1.1, 2.9, 39.0, 0.3, 0.4, 80.0, 0.4, 1.6, 2.0, 2.2, 0.8, 0.6, 0.4, 2.4, 13.8, 0.0, 0.0, 1.9
293, Ochai Agbaji , TOR, 23, 72, 29, 43, 20.2, 5.8, 2.3, 5.5, 41.4, 0.8, 2.8, 30.5, 0.4, 0.6, 66.7, 0.9, 1.8, 2.7, 1.0, 0.8, 0.6, 0.5, 1.4, 13.1, 0.0, 0.0, -3.5
294, Bones Hyland , LAC, 23, 32, 18, 14, 13.6, 5.8, 2.2, 5.9, 36.5, 1.0, 3.3, 31.7, 0.4, 0.6, 77.8, 0.1, 0.9, 1.1, 2.2, 1.2, 0.6, 0.1, 1.3, 11.3, 1.0, 0.0, -1.2
295, Bruno Fernando , ATL, 25, 37, 18, 19, 14.0, 5.8, 2.3, 3.9, 59.0, 0.0, 0.1, 0.0, 1.2, 1.8, 65.2, 1.5, 2.9, 4.3, 0.9, 0.9, 0.6, 0.7, 2.1, 15.3, 0.0, 0.0, -0.5
296, Jaylen Nowell , MEM, 24, 9, 3, 6, 17.3, 5.7, 2.4, 6.1, 40.0, 0.4, 2.6, 17.4, 0.3, 0.3, 100, 0.3, 1.2, 1.6, 1.8, 0.6, 0.3, 0.0, 1.4, 10.6, 0.0, 0.0, -0.2
296, Ricky Council IV , PHI, 22, 27, 10, 17, 8.7, 5.7, 1.7, 3.6, 48.0, 0.3, 1.0, 33.3, 1.9, 2.5, 73.5, 0.5, 1.0, 1.5, 0.4, 0.1, 0.1, 0.0, 0.5, 8.3, 1.0, 0.0, -0.2
298, Jordan Goodwin , MEM, 25, 50, 27, 23, 16.7, 5.6, 2.2, 5.8, 37.1, 0.7, 2.3, 29.9, 0.6, 0.8, 73.2, 1.2, 2.3, 3.5, 2.4, 1.0, 0.8, 0.4, 1.2, 15.9, 1.0, 0.0, -2.0
299, Larry Nance Jr. , NOP, 31, 55, 32, 23, 19.7, 5.6, 2.2, 3.8, 58.9, 0.4, 1.0, 42.1, 0.7, 1.0, 73.6, 1.5, 3.6, 5.1, 1.7, 0.7, 1.0, 0.3, 1.5, 17.4, 2.0, 0.0, 1.4
300, Pat Connaughton , MIL, 31, 68, 43, 25, 21.7, 5.6, 2.0, 4.3, 45.8, 1.1, 3.0, 36.9, 0.5, 0.7, 73.5, 0.6, 2.5, 3.1, 2.0, 0.6, 0.5, 0.2, 1.2, 14.0, 0.0, 0.0, 0.0
301, Sasha Vezenkov , SAC, 28, 36, 19, 17, 12.5, 5.6, 2.1, 4.7, 45.2, 1.1, 2.8, 38.6, 0.3, 0.4, 76.9, 0.8, 1.6, 2.4, 0.4, 0.3, 0.5, 0.2, 1.0, 10.9, 0.0, 0.0, -0.1
302, Nick Smith Jr. , CHA, 19, 46, 8, 38, 14.0, 5.6, 2.1, 5.3, 39.2, 1.2, 2.7, 42.4, 0.2, 0.3, 84.6, 0.4, 0.9, 1.3, 1.1, 0.8, 0.2, 0.2, 1.2, 9.0, 0.0, 0.0, -3.8
303, Cam Reddish , LAL, 24, 46, 27, 19, 20.9, 5.5, 1.9, 5.0, 39.0, 0.8, 2.3, 33.3, 0.9, 1.2, 75.9, 0.6, 1.5, 2.1, 1.0, 0.7, 1.0, 0.3, 1.3, 12.9, 0.0, 0.0, -0.7
304, Doug McDermott , IND, 32, 58, 18, 40, 14.4, 5.5, 1.9, 4.5, 43.2, 1.5, 3.6, 41.1, 0.2, 0.3, 57.9, 0.2, 0.8, 1.0, 1.2, 0.5, 0.2, 0.0, 1.0, 8.8, 0.0, 0.0, -2.8
305, Bol Bol , PHX, 24, 36, 23, 13, 11.3, 5.5, 2.3, 3.7, 61.9, 0.5, 1.3, 42.2, 0.4, 0.5, 76.5, 0.8, 2.5, 3.3, 0.4, 0.4, 0.2, 0.6, 1.1, 12.1, 1.0, 0.0, 0.6
305, Dexter Dennis , DAL, 25, 4, 1, 3, 7.5, 5.5, 2.5, 4.8, 52.6, 0.3, 2.0, 12.5, 0.3, 0.8, 33.3, 0.3, 2.0, 2.3, 1.0, 0.8, 0.0, 0.3, 0.3, 9.7, 0.0, 0.0, -2.3
307, Dyson Daniels , NOP, 21, 53, 30, 23, 21.7, 5.5, 2.1, 4.9, 43.6, 0.6, 2.1, 28.6, 0.6, 0.9, 64.0, 1.0, 2.6, 3.7, 2.6, 1.0, 1.4, 0.4, 1.6, 18.1, 1.0, 0.0, 1.6
308, Matisse Thybulle , POR, 27, 65, 18, 47, 22.9, 5.4, 1.9, 4.9, 39.7, 1.2, 3.6, 34.6, 0.3, 0.4, 75.9, 0.5, 1.6, 2.1, 1.4, 0.6, 1.7, 0.8, 1.4, 16.9, 0.0, 0.0, -3.6
309, Nicolas Batum , PHI, 35, 53, 29, 24, 24.9, 5.4, 2.0, 4.2, 47.1, 1.2, 3.0, 41.1, 0.3, 0.4, 71.4, 1.2, 2.9, 4.2, 2.1, 0.6, 0.8, 0.7, 1.9, 17.1, 0.0, 0.0, 2.4
310, Kris Murray , POR, 23, 54, 10, 44, 19.7, 5.4, 2.1, 5.3, 40.4, 0.7, 2.6, 27.0, 0.5, 0.8, 61.0, 1.1, 2.1, 3.1, 1.3, 0.8, 0.9, 0.3, 1.3, 13.8, 1.0, 0.0, -2.4
311, Kris Dunn , UTA, 30, 64, 25, 39, 18.8, 5.4, 2.2, 4.8, 46.9, 0.6, 1.7, 37.6, 0.3, 0.4, 66.7, 0.8, 2.1, 2.9, 3.9, 1.2, 1.0, 0.4, 2.0, 17.8, 1.0, 0.0, 0.2
312, Dean Wade , CLE, 27, 54, 36, 18, 20.5, 5.4, 1.8, 4.3, 41.4, 1.5, 3.7, 39.1, 0.4, 0.5, 76.9, 0.7, 3.4, 4.0, 0.8, 0.4, 0.7, 0.5, 1.7, 14.7, 0.0, 0.0, 3.3
313, Mason Plumlee , LAC, 34, 39, 25, 14, 14.3, 5.4, 1.9, 3.1, 61.5, 0.0, 0.0, 0.0, 1.5, 2.2, 69.0, 1.3, 3.7, 5.0, 1.1, 0.7, 0.3, 0.4, 1.4, 14.2, 1.0, 0.0, 0.7
314, Thomas Bryant , MIA, 26, 37, 21, 16, 11.3, 5.4, 2.1, 3.8, 56.1, 0.1, 0.6, 19.0, 1.1, 1.2, 86.7, 1.0, 2.5, 3.5, 0.6, 0.5, 0.3, 0.4, 1.2, 12.0, 1.0, 0.0, 0.0
315, Chimezie Metu , DET, 27, 43, 23, 20, 14.0, 5.4, 1.9, 4.0, 48.8, 0.4, 1.5, 24.6, 1.1, 1.3, 89.1, 0.7, 2.5, 3.2, 0.7, 0.8, 0.6, 0.3, 1.3, 12.3, 1.0, 0.0, -1.5
316, Goga Bitadze , ORL, 24, 57, 32, 25, 16.4, 5.3, 2.2, 3.6, 61.1, 0.0, 0.2, 15.4, 0.9, 1.4, 65.9, 1.9, 3.0, 4.9, 1.4, 0.7, 0.5, 1.2, 1.8, 17.8, 5.0, 0.0, 0.7
317, Stanley Umude , DET, 24, 24, 4, 20, 12.8, 5.3, 1.5, 3.5, 44.0, 1.0, 2.2, 45.3, 1.2, 1.3, 90.6, 0.3, 1.8, 2.1, 0.5, 0.6, 0.3, 0.3, 1.7, 9.8, 0.0, 0.0, -3.1
318, Tosan Evbuomwan , DET, 23, 14, 1, 13, 19.7, 5.3, 1.9, 4.0, 46.4, 0.6, 1.9, 34.6, 0.9, 1.4, 65.0, 1.0, 2.4, 3.4, 0.7, 0.5, 0.2, 0.1, 1.4, 11.0, 0.0, 0.0, -7.9
319, Drew Eubanks , PHX, 27, 68, 37, 31, 15.7, 5.3, 2.1, 3.4, 62.3, 0.0, 0.0, 100, 1.0, 1.3, 77.0, 1.4, 2.9, 4.3, 0.9, 0.9, 0.4, 0.9, 1.5, 14.5, 0.0, 0.0, -1.4
320, Xavier Tillman , BOS, 25, 47, 25, 22, 18.9, 5.3, 2.2, 5.3, 42.0, 0.3, 1.5, 21.4, 0.5, 1.0, 44.9, 1.4, 2.8, 4.2, 1.5, 0.7, 1.0, 0.9, 1.5, 17.4, 2.0, 0.0, -1.1
321, Johnny Juzang , UTA, 23, 14, 3, 11, 15.0, 5.2, 2.0, 4.7, 42.4, 1.1, 3.6, 32.0, 0.1, 0.1, 100, 0.4, 1.2, 1.6, 0.8, 0.4, 0.0, 0.0, 1.2, 7.9, 0.0, 0.0, 0.1
322, Jared Butler , WAS, 23, 33, 5, 28, 12.4, 5.2, 2.0, 4.2, 48.2, 0.5, 1.7, 28.6, 0.6, 0.7, 87.5, 0.2, 1.0, 1.2, 2.8, 1.2, 0.6, 0.2, 1.2, 11.7, 0.0, 0.0, -1.0
323, Jarred Vanderbilt , LAL, 24, 29, 14, 15, 20.0, 5.2, 2.0, 3.9, 51.8, 0.3, 0.9, 29.6, 0.8, 1.2, 66.7, 1.4, 3.3, 4.8, 1.2, 1.0, 1.2, 0.2, 1.5, 16.0, 0.0, 0.0, 1.5
324, Luke Kornet , BOS, 28, 55, 42, 13, 15.5, 5.2, 2.2, 3.2, 68.6, 0.0, 0.0, 0.0, 0.8, 0.9, 89.8, 1.9, 2.2, 4.1, 1.0, 0.4, 0.4, 1.0, 1.3, 15.3, 0.0, 0.0, 2.6
325, Seth Curry , CHA, 33, 44, 25, 19, 14.0, 5.1, 1.8, 4.6, 39.2, 0.9, 2.5, 35.2, 0.6, 0.7, 90.3, 0.4, 1.1, 1.5, 1.0, 0.5, 0.5, 0.1, 0.9, 9.9, 0.0, 0.0, 1.4
326, Gary Payton II , GSW, 31, 39, 23, 16, 15.3, 5.1, 2.2, 4.0, 54.1, 0.4, 1.2, 34.8, 0.3, 0.5, 61.1, 1.1, 1.5, 2.6, 1.1, 0.6, 0.9, 0.4, 1.6, 13.2, 0.0, 0.0, 1.3
327, Monte Morris , MIN, 28, 25, 16, 9, 14.6, 5.0, 1.9, 4.8, 39.7, 0.7, 2.1, 34.6, 0.5, 0.7, 70.6, 0.2, 1.3, 1.6, 2.2, 0.2, 0.6, 0.2, 0.4, 12.3, 0.0, 0.0, 1.7
328, Buddy Boeheim , DET, 24, 5, 0, 5, 9.8, 5.0, 1.4, 4.0, 35.0, 1.2, 3.4, 35.3, 1.0, 1.0, 100, 0.2, 1.4, 1.6, 0.6, 0.0, 0.0, 0.2, 0.6, 8.4, 0.0, 0.0, 3.0
328, D.J. Wilson , PHI, 28, 2, 1, 1, 7.7, 5.0, 2.0, 3.0, 66.7, 1.0, 1.0, 100, 0.0, 0.0, 0.0, 0.5, 0.5, 1.0, 1.0, 0.0, 0.0, 1.0, 0.5, 10.7, 0.0, 0.0, 1.0
328, Javonte Green , CHI, 30, 3, 2, 1, 17.0, 5.0, 2.0, 3.7, 54.5, 1.0, 1.7, 60.0, 0.0, 0.0, 0.0, 1.0, 2.7, 3.7, 0.7, 1.0, 0.7, 0.7, 1.0, 13.4, 0.0, 0.0, 7.3
328, Kobi Simmons , TOR, 26, 3, 0, 3, 19.1, 5.0, 2.3, 6.0, 38.9, 0.3, 2.0, 16.7, 0.0, 0.0, 0.0, 0.3, 1.0, 1.3, 3.0, 0.3, 1.7, 0.3, 1.3, 16.8, 0.0, 0.0, -10.7
332, Richaun Holmes , WAS, 30, 40, 13, 27, 13.9, 5.0, 2.1, 3.7, 55.8, 0.0, 0.1, 33.3, 0.9, 1.2, 72.3, 1.8, 2.8, 4.6, 0.6, 0.6, 0.3, 0.5, 1.9, 13.0, 4.0, 0.0, -2.3
333, Isaiah Livers , WAS, 25, 23, 1, 22, 20.4, 5.0, 1.7, 5.0, 34.5, 1.0, 3.3, 28.6, 0.5, 0.8, 66.7, 0.7, 1.4, 2.1, 1.1, 0.7, 0.6, 0.2, 1.9, 10.7, 0.0, 0.0, -8.7
334, Bryce McGowens , CHA, 21, 53, 9, 44, 15.1, 4.9, 1.7, 3.7, 44.9, 0.6, 1.7, 33.0, 1.0, 1.3, 76.1, 0.3, 1.5, 1.8, 0.9, 0.5, 0.4, 0.1, 1.4, 9.4, 0.0, 0.0, -3.7
335, Julian Strawther , DEN, 21, 45, 30, 15, 11.7, 4.9, 1.8, 4.8, 37.3, 0.9, 3.0, 29.6, 0.4, 0.6, 74.1, 0.1, 1.1, 1.2, 1.0, 0.4, 0.4, 0.2, 1.2, 9.0, 0.0, 0.0, -2.4
336, Jevon Carter , CHI, 28, 67, 33, 34, 13.7, 4.9, 1.9, 4.9, 38.5, 1.0, 3.1, 33.7, 0.1, 0.1, 57.1, 0.1, 0.7, 0.8, 1.2, 0.5, 0.5, 0.2, 1.0, 9.2, 0.0, 0.0, 0.2
337, Josh Okogie , PHX, 25, 56, 34, 22, 16.9, 4.9, 1.5, 3.6, 41.4, 0.5, 1.7, 30.1, 1.4, 1.8, 74.5, 1.3, 1.4, 2.7, 1.1, 0.6, 0.8, 0.4, 1.2, 12.9, 0.0, 0.0, 0.3
338, Gabe Vincent , LAL, 27, 6, 3, 3, 23.6, 4.8, 2.2, 6.0, 36.1, 0.3, 3.2, 10.5, 0.2, 0.3, 50.0, 0.3, 0.7, 1.0, 2.7, 0.5, 1.2, 0.0, 2.3, 13.0, 0.0, 0.0, -0.5
339, DeJon Jarreau , MEM, 26, 9, 2, 7, 16.6, 4.8, 1.9, 5.6, 34.0, 0.4, 1.4, 30.8, 0.6, 1.2, 45.5, 0.9, 4.0, 4.9, 2.9, 1.0, 0.7, 0.2, 1.6, 16.6, 0.0, 0.0, -2.7
340, Anthony Black , ORL, 20, 65, 37, 28, 17.4, 4.7, 1.7, 3.7, 45.9, 0.5, 1.4, 38.5, 0.8, 1.2, 61.3, 0.5, 1.6, 2.1, 1.4, 0.8, 0.5, 0.3, 1.7, 11.1, 0.0, 0.0, -0.4
341, Davion Mitchell , SAC, 25, 64, 38, 26, 14.2, 4.7, 1.8, 4.0, 46.2, 0.7, 1.9, 34.7, 0.4, 0.5, 72.7, 0.2, 1.0, 1.2, 1.7, 0.6, 0.3, 0.0, 1.2, 9.0, 0.0, 0.0, -1.7
342, Keon Ellis , SAC, 24, 49, 30, 19, 15.8, 4.6, 1.6, 3.5, 45.7, 1.0, 2.6, 39.7, 0.4, 0.5, 69.2, 0.5, 1.5, 1.9, 1.4, 0.5, 0.8, 0.5, 1.7, 12.5, 0.0, 0.0, 2.4
343, Mo Bamba , PHI, 25, 53, 26, 27, 13.3, 4.6, 1.8, 3.5, 50.0, 0.5, 1.1, 40.0, 0.6, 0.9, 66.7, 1.4, 2.8, 4.2, 0.8, 0.7, 0.4, 1.0, 1.8, 14.4, 1.0, 0.0, -0.9
344, Shake Milton , NYK, 27, 47, 31, 16, 12.4, 4.6, 1.7, 4.1, 40.5, 0.4, 1.4, 28.1, 0.9, 1.0, 81.6, 0.3, 1.3, 1.6, 1.3, 0.7, 0.4, 0.1, 1.1, 9.4, 0.0, 0.0, -1.0
345, Kevon Looney , GSW, 28, 67, 38, 29, 16.5, 4.6, 1.9, 3.1, 60.7, 0.0, 0.0, 0.0, 0.8, 1.1, 68.0, 1.9, 3.8, 5.8, 1.9, 0.7, 0.4, 0.3, 2.2, 15.8, 1.0, 0.0, -0.3
346, Neemias Queta , BOS, 24, 26, 22, 4, 11.4, 4.6, 2.0, 3.2, 61.4, 0.0, 0.0, 0.0, 0.7, 0.9, 70.8, 1.8, 2.3, 4.1, 0.5, 0.4, 0.4, 0.6, 1.8, 12.9, 2.0, 0.0, 4.4
347, Ashton Hagans , POR, 24, 16, 2, 14, 17.3, 4.6, 1.7, 3.9, 42.9, 0.4, 1.3, 35.0, 0.8, 0.9, 80.0, 0.7, 1.8, 2.5, 2.9, 1.8, 0.6, 0.6, 2.3, 13.6, 0.0, 0.0, -1.0
348, Thaddeus Young , PHX, 35, 29, 9, 20, 14.0, 4.6, 2.2, 3.6, 61.2, 0.0, 0.2, 16.7, 0.2, 0.5, 35.7, 1.4, 1.9, 3.3, 1.9, 0.4, 0.7, 0.2, 1.5, 13.7, 0.0, 0.0, -0.4
349, Malachi Flynn , DET, 25, 61, 27, 34, 11.8, 4.5, 1.6, 3.9, 41.0, 0.7, 2.1, 34.4, 0.6, 0.8, 75.0, 0.3, 1.3, 1.6, 1.7, 0.8, 0.5, 0.1, 0.9, 9.9, 0.0, 0.0, -2.4
350, Jalen Wilson , BKN, 23, 36, 11, 25, 13.8, 4.5, 1.6, 3.7, 42.9, 0.5, 1.5, 34.0, 0.8, 0.9, 90.6, 1.0, 1.6, 2.6, 1.0, 0.4, 0.2, 0.0, 1.0, 9.4, 1.0, 0.0, 0.2
351, Jacob Gilyard , BKN, 25, 39, 12, 27, 17.1, 4.4, 1.5, 3.7, 41.1, 1.3, 3.1, 41.8, 0.1, 0.1, 100, 0.2, 0.9, 1.1, 3.4, 0.7, 0.7, 0.1, 0.9, 12.7, 0.0, 0.0, -4.0
352, Caleb Houstan , ORL, 21, 56, 30, 26, 14.1, 4.4, 1.4, 3.6, 39.5, 1.3, 3.3, 38.0, 0.3, 0.4, 79.2, 0.5, 1.0, 1.5, 0.5, 0.3, 0.2, 0.1, 1.1, 7.5, 0.0, 0.0, -0.3
352, Jeff Dowtin Jr. , PHI, 26, 7, 2, 5, 12.3, 4.4, 1.6, 2.9, 55.0, 1.0, 2.0, 50.0, 0.3, 0.3, 100, 0.3, 1.3, 1.6, 2.4, 0.7, 0.6, 0.1, 0.1, 11.4, 0.0, 0.0, 2.3
352, Skylar Mays , LAL, 26, 35, 13, 22, 12.2, 4.4, 1.8, 4.5, 39.9, 0.5, 1.5, 29.6, 0.4, 0.5, 76.5, 0.3, 0.9, 1.2, 2.4, 0.6, 0.6, 0.1, 0.7, 11.0, 2.0, 0.0, -3.0
355, Jontay Porter , TOR, 24, 26, 6, 20, 13.8, 4.4, 1.5, 4.0, 38.5, 0.8, 2.3, 33.3, 0.6, 0.7, 83.3, 1.0, 2.2, 3.2, 2.3, 0.8, 0.8, 0.8, 1.3, 15.5, 0.0, 0.0, -2.8
356, AJ Green , MIL, 24, 50, 33, 17, 10.2, 4.4, 1.5, 3.4, 42.7, 1.2, 2.9, 40.8, 0.3, 0.3, 93.8, 0.2, 1.0, 1.1, 0.5, 0.2, 0.1, 0.1, 0.9, 7.0, 0.0, 0.0, 0.6
357, Joe Ingles , ORL, 36, 60, 38, 22, 17.2, 4.4, 1.5, 3.5, 43.0, 1.0, 2.4, 42.8, 0.4, 0.5, 86.2, 0.3, 1.8, 2.1, 3.0, 0.9, 0.6, 0.1, 1.4, 12.5, 0.0, 0.0, 2.6
358, Jamal Cain , MIA, 25, 22, 11, 11, 11.5, 4.4, 1.5, 3.6, 43.0, 0.5, 1.4, 35.5, 0.8, 1.0, 78.3, 0.7, 1.0, 1.6, 0.5, 0.4, 0.5, 0.2, 1.0, 8.7, 0.0, 0.0, -0.7
359, Garrison Mathews , ATL, 27, 58, 27, 31, 14.2, 4.4, 1.4, 3.0, 45.7, 1.2, 2.6, 45.0, 0.5, 0.6, 81.1, 0.2, 1.1, 1.4, 0.6, 0.3, 0.3, 0.1, 1.8, 7.7, 0.0, 0.0, -1.1
360, Kenrich Williams , OKC, 29, 61, 44, 17, 14.4, 4.4, 1.8, 3.8, 46.2, 0.8, 2.0, 37.9, 0.1, 0.2, 41.7, 0.9, 2.1, 3.0, 1.3, 0.3, 0.6, 0.1, 1.4, 11.7, 0.0, 0.0, 3.0
360, Max Christie , LAL, 21, 61, 34, 27, 14.9, 4.4, 1.6, 3.7, 43.1, 0.7, 1.8, 36.0, 0.6, 0.7, 77.3, 0.2, 2.0, 2.2, 0.9, 0.6, 0.3, 0.3, 0.9, 9.5, 0.0, 0.0, -0.3
362, Robert Covington , PHI, 33, 29, 20, 9, 16.8, 4.4, 1.5, 3.4, 43.9, 0.7, 1.9, 33.9, 0.8, 0.9, 84.6, 1.1, 2.3, 3.3, 0.8, 0.4, 1.3, 0.6, 1.9, 15.2, 0.0, 0.0, 3.6
363, Dominick Barlow , SAS, 20, 33, 7, 26, 12.7, 4.4, 1.7, 3.4, 49.6, 0.1, 0.3, 33.3, 0.9, 1.3, 69.0, 1.4, 2.1, 3.4, 1.1, 0.3, 0.4, 0.4, 1.4, 12.2, 0.0, 0.0, -1.0
364, Dru Smith , MIA, 26, 9, 7, 2, 14.5, 4.3, 1.7, 3.7, 45.5, 0.8, 1.9, 41.2, 0.2, 0.2, 100, 0.7, 0.9, 1.6, 1.6, 0.6, 1.0, 0.3, 1.3, 12.0, 0.0, 0.0, -4.8
365, Bismack Biyombo , OKC, 31, 37, 18, 19, 20.5, 4.3, 1.8, 3.3, 55.3, 0.0, 0.0, 0.0, 0.6, 1.4, 48.0, 1.6, 3.7, 5.3, 1.4, 1.1, 0.3, 0.9, 2.4, 15.5, 2.0, 0.0, -1.8
366, MarJon Beauchamp , MIL, 23, 46, 30, 16, 12.9, 4.3, 1.6, 3.4, 47.8, 0.6, 1.6, 38.9, 0.4, 0.6, 67.9, 0.5, 1.6, 2.1, 0.7, 0.6, 0.3, 0.1, 1.2, 8.4, 0.0, 0.0, -0.2
367, John Konchar , MEM, 28, 55, 18, 37, 21.3, 4.3, 1.6, 3.8, 42.3, 0.7, 2.2, 31.7, 0.4, 0.5, 84.0, 1.3, 3.4, 4.7, 2.0, 0.8, 0.9, 0.9, 1.4, 17.6, 1.0, 0.0, -2.7
367, Lester Quinones , GSW, 23, 33, 20, 13, 11.2, 4.3, 1.5, 3.7, 39.0, 0.8, 2.3, 35.1, 0.5, 0.8, 66.7, 0.6, 1.5, 2.1, 1.0, 0.5, 0.2, 0.1, 1.2, 8.6, 0.0, 0.0, 0.5
369, Ben Sheppard , IND, 22, 50, 27, 23, 13.3, 4.2, 1.5, 3.7, 41.3, 0.8, 2.5, 32.3, 0.4, 0.5, 87.0, 0.2, 1.3, 1.5, 0.9, 0.2, 0.5, 0.0, 1.5, 8.8, 0.0, 0.0, 0.7
370, Danuel House Jr. , PHI, 30, 34, 21, 13, 15.0, 4.2, 1.4, 3.1, 44.8, 0.4, 1.5, 30.0, 1.0, 1.4, 76.1, 0.5, 1.2, 1.7, 0.8, 0.6, 0.4, 0.1, 1.3, 8.7, 0.0, 0.0, 0.6
371, Delon Wright , MIA, 31, 44, 13, 31, 15.3, 4.2, 1.5, 3.9, 37.6, 0.5, 1.3, 34.5, 0.8, 1.0, 81.4, 0.4, 1.4, 1.8, 2.5, 0.3, 1.1, 0.2, 0.7, 13.7, 0.0, 0.0, -0.7
372, Armoni Brooks , BKN, 25, 10, 3, 7, 10.4, 4.2, 1.5, 4.6, 32.6, 1.1, 3.2, 34.4, 0.1, 0.2, 50.0, 0.7, 1.1, 1.8, 0.5, 0.3, 0.1, 0.1, 0.3, 7.4, 0.0, 0.0, 2.8
373, Eugene Omoruyi , WAS, 27, 36, 4, 32, 7.9, 4.2, 1.6, 3.3, 49.2, 0.2, 0.8, 21.4, 0.8, 1.1, 69.2, 0.8, 1.2, 2.0, 0.8, 0.5, 0.6, 0.1, 1.5, 9.2, 1.0, 0.0, -3.2
374, Maxi Kleber , DAL, 32, 37, 23, 14, 20.3, 4.2, 1.4, 3.4, 42.1, 0.7, 2.2, 32.5, 0.6, 0.9, 65.7, 0.6, 2.6, 3.2, 1.5, 0.6, 0.4, 0.6, 1.9, 12.5, 1.0, 0.0, 1.7
375, DeAndre Jordan , DEN, 35, 34, 23, 11, 11.3, 4.2, 1.7, 2.7, 62.4, 0.0, 0.0, 0.0, 0.8, 1.6, 49.1, 1.6, 3.0, 4.6, 0.8, 0.7, 0.2, 0.5, 1.6, 12.1, 1.0, 0.0, -2.1
376, Chris Duarte , SAC, 26, 54, 32, 22, 12.8, 4.2, 1.4, 3.7, 38.8, 0.8, 2.2, 35.8, 0.5, 0.6, 78.8, 0.5, 1.4, 1.9, 0.8, 0.4, 0.5, 0.1, 1.4, 9.1, 0.0, 0.0, -1.2
377, Jae'Sean Tate , HOU, 28, 64, 32, 32, 16.1, 4.1, 1.7, 3.6, 47.2, 0.4, 1.2, 29.9, 0.4, 0.6, 66.7, 1.0, 2.1, 3.1, 1.0, 0.6, 0.7, 0.2, 2.1, 11.4, 0.0, 0.0, 1.2
378, Troy Brown Jr. , DET, 24, 51, 29, 22, 12.4, 4.1, 1.4, 3.5, 39.2, 0.8, 2.4, 34.2, 0.5, 0.6, 84.8, 0.4, 1.8, 2.2, 1.0, 0.5, 0.2, 0.0, 0.7, 8.5, 0.0, 0.0, -1.6
379, Jock Landale , HOU, 28, 48, 25, 23, 12.1, 4.1, 1.6, 3.3, 48.4, 0.1, 0.6, 24.1, 0.8, 1.0, 80.9, 1.6, 1.5, 3.0, 1.0, 0.5, 0.3, 0.6, 1.3, 11.3, 1.0, 0.0, 2.7
380, Ryan Rollins , MIL, 21, 10, 1, 9, 6.6, 4.1, 1.3, 2.5, 52.0, 0.2, 0.3, 66.7, 1.3, 1.7, 76.5, 0.2, 0.9, 1.1, 1.1, 0.7, 0.8, 0.3, 0.7, 9.7, 0.0, 0.0, 5.7
381, JaVale McGee , SAC, 36, 43, 26, 17, 7.6, 4.1, 1.7, 2.9, 60.5, 0.0, 0.1, 20.0, 0.6, 1.0, 58.1, 0.9, 1.8, 2.7, 0.3, 0.7, 0.3, 0.5, 1.0, 9.4, 0.0, 0.0, -0.1
382, Jaxson Hayes , LAL, 23, 63, 36, 27, 12.0, 4.1, 1.7, 2.4, 70.7, 0.0, 0.1, 0.0, 0.7, 1.1, 62.5, 0.9, 1.9, 2.9, 0.4, 0.6, 0.4, 0.4, 1.7, 10.0, 1.0, 0.0, -1.3
383, Brandon Boston Jr. , LAC, 22, 26, 15, 11, 8.5, 4.1, 1.6, 3.7, 42.3, 0.3, 1.2, 30.0, 0.6, 0.8, 68.2, 0.4, 0.7, 1.2, 0.3, 0.4, 0.2, 0.3, 1.0, 6.7, 0.0, 0.0, -3.1
384, Blake Wesley , SAS, 21, 54, 15, 39, 13.5, 4.1, 1.6, 3.2, 48.3, 0.1, 0.8, 19.0, 0.8, 1.2, 66.7, 0.3, 1.1, 1.4, 2.7, 0.7, 0.5, 0.2, 1.4, 11.0, 0.0, 0.0, -2.2
385, Izaiah Brockington , NOP, 24, 1, 1, 0, 3.4, 4.0, 2.0, 5.0, 40.0, 0.0, 1.0, 0.0, 0.0, 0.0, 0.0, 1.0, 1.0, 2.0, 0.0, 0.0, 0.0, 0.0, 0.0, 6.4, 0.0, 0.0, 3.0
385, Matt Hurt , MEM, 23, 8, 2, 6, 14.2, 4.0, 1.5, 4.3, 35.3, 0.6, 2.5, 25.0, 0.4, 0.4, 100, 1.1, 0.9, 2.0, 0.5, 0.3, 0.4, 0.4, 1.0, 9.2, 0.0, 0.0, -1.5
385, Patty Mills , MIA, 35, 30, 14, 16, 13.2, 4.0, 1.5, 4.1, 35.5, 0.8, 2.7, 28.4, 0.3, 0.3, 100, 0.3, 0.8, 1.1, 1.1, 0.5, 0.7, 0.0, 1.0, 8.6, 0.0, 0.0, 1.1
388, Justin Holiday , DEN, 34, 51, 33, 18, 14.6, 3.9, 1.5, 3.3, 45.8, 0.9, 2.3, 40.0, 0.1, 0.1, 75.0, 0.2, 1.1, 1.2, 1.1, 0.2, 0.6, 0.1, 1.2, 9.0, 0.0, 0.0, 0.7
389, Aleksej Pokusevski , CHA, 22, 20, 11, 9, 12.7, 3.9, 1.4, 3.6, 39.4, 0.4, 1.7, 24.2, 0.7, 1.0, 70.0, 0.7, 1.9, 2.6, 1.2, 0.6, 0.6, 0.4, 0.7, 11.0, 0.0, 0.0, -4.5
390, Onuralp Bitim , CHI, 25, 18, 8, 10, 12.5, 3.9, 1.6, 3.7, 42.4, 0.6, 1.9, 31.4, 0.2, 0.2, 75.0, 0.3, 1.3, 1.7, 0.7, 0.4, 0.2, 0.1, 1.1, 7.4, 0.0, 0.0, -2.1
391, Ousmane Dieng , OKC, 20, 31, 19, 12, 11.0, 3.9, 1.4, 3.4, 41.3, 0.6, 2.2, 29.9, 0.5, 0.5, 87.5, 0.3, 1.3, 1.6, 1.1, 0.5, 0.2, 0.1, 0.6, 7.6, 0.0, 0.0, 0.0
392, Terquavion Smith , PHI, 21, 12, 4, 8, 5.8, 3.8, 1.3, 3.3, 40.0, 1.0, 2.6, 38.7, 0.2, 0.3, 66.7, 0.0, 0.2, 0.2, 0.8, 0.3, 0.6, 0.0, 0.3, 6.7, 0.0, 0.0, 0.3
393, Keita Bates-Diop , BKN, 28, 53, 29, 24, 12.5, 3.7, 1.4, 3.1, 43.4, 0.4, 1.3, 30.4, 0.6, 0.8, 76.2, 0.6, 1.5, 2.1, 0.7, 0.3, 0.5, 0.4, 0.7, 9.7, 0.0, 0.0, -1.0
394, Jaylin Williams , OKC, 21, 61, 43, 18, 12.6, 3.7, 1.3, 3.1, 40.3, 0.8, 2.0, 37.4, 0.4, 0.5, 81.3, 0.5, 2.8, 3.3, 1.4, 0.5, 0.4, 0.4, 1.4, 11.7, 0.0, 0.0, 1.9
395, Jules Bernard , WAS, 24, 15, 2, 13, 7.4, 3.7, 1.4, 3.3, 42.0, 0.6, 1.7, 36.0, 0.3, 0.5, 50.0, 0.5, 0.6, 1.1, 0.9, 0.3, 0.1, 0.1, 0.7, 6.6, 0.0, 0.0, 0.7
395, Kobe Bufkin , ATL, 20, 9, 6, 3, 9.9, 3.7, 1.4, 4.1, 35.1, 0.6, 1.9, 29.4, 0.2, 0.4, 50.0, 0.2, 1.3, 1.6, 1.7, 0.6, 0.3, 0.1, 0.7, 8.8, 0.0, 0.0, 0.8
395, Oshae Brissett , BOS, 25, 48, 40, 8, 11.7, 3.7, 1.2, 2.7, 45.4, 0.3, 1.1, 29.4, 0.9, 1.4, 64.2, 1.1, 1.8, 2.9, 0.8, 0.3, 0.3, 0.1, 1.0, 9.3, 0.0, 0.0, 2.5
398, Nassir Little , PHX, 24, 40, 24, 16, 11.1, 3.7, 1.4, 2.9, 46.6, 0.5, 1.7, 31.8, 0.4, 0.5, 85.0, 0.4, 1.5, 1.8, 0.5, 0.3, 0.3, 0.3, 1.0, 7.8, 0.0, 0.0, -1.9
399, Collin Gillespie , DEN, 24, 24, 15, 9, 9.4, 3.6, 1.3, 2.9, 46.4, 0.6, 1.6, 39.5, 0.3, 0.5, 66.7, 0.0, 0.8, 0.9, 1.1, 0.6, 0.5, 0.0, 1.0, 7.4, 0.0, 0.0, 0.6
399, T.J. Warren , MIN, 30, 8, 5, 3, 13.2, 3.6, 1.6, 4.3, 38.2, 0.3, 1.4, 18.2, 0.1, 0.3, 50.0, 0.6, 1.5, 2.1, 0.9, 0.5, 0.4, 0.1, 1.4, 8.5, 0.0, 0.0, 2.9
401, Jarace Walker , IND, 20, 30, 15, 15, 10.5, 3.6, 1.3, 3.4, 39.6, 0.7, 1.7, 38.5, 0.3, 0.3, 88.9, 0.4, 1.5, 1.9, 1.2, 0.5, 0.5, 0.4, 0.9, 9.7, 0.0, 0.0, 0.8
401, Luka Garza , MIN, 25, 20, 15, 5, 5.0, 3.6, 1.3, 2.9, 43.9, 0.5, 1.5, 31.0, 0.7, 0.9, 72.2, 0.7, 0.6, 1.2, 0.2, 0.3, 0.1, 0.1, 1.0, 5.5, 0.0, 0.0, -1.1
401, Maozinha Pereira , MEM, 23, 5, 1, 4, 11.0, 3.6, 1.4, 3.2, 43.8, 0.2, 1.0, 20.0, 0.6, 1.0, 60.0, 1.6, 1.8, 3.4, 0.2, 0.4, 0.8, 0.6, 1.2, 11.8, 0.0, 0.0, -1.0
404, James Bouknight , CHA, 23, 14, 0, 14, 5.8, 3.6, 1.3, 2.9, 43.9, 0.9, 2.1, 43.3, 0.1, 0.1, 50.0, 0.1, 0.6, 0.6, 0.4, 0.1, 0.1, 0.1, 0.2, 5.3, 0.0, 0.0, -0.8
404, KJ Martin , PHI, 23, 56, 29, 27, 11.9, 3.6, 1.5, 2.9, 52.8, 0.1, 0.5, 28.6, 0.4, 0.7, 53.7, 0.6, 1.5, 2.1, 0.8, 0.5, 0.4, 0.2, 1.7, 8.5, 1.0, 0.0, -0.1
406, Omer Yurtseven , UTA, 25, 41, 15, 26, 9.2, 3.6, 1.6, 2.9, 54.2, 0.1, 0.5, 26.3, 0.3, 0.5, 61.9, 1.2, 2.3, 3.5, 0.5, 0.7, 0.1, 0.4, 1.1, 9.4, 0.0, 0.0, -2.2
407, Theo Maledon , PHX, 22, 17, 5, 12, 12.5, 3.5, 1.2, 4.1, 28.6, 0.3, 1.8, 16.7, 0.8, 0.9, 93.3, 0.2, 1.2, 1.4, 1.6, 1.1, 0.4, 0.0, 1.2, 7.8, 0.0, 0.0, -3.8
408, Tristan Thompson , CLE, 33, 45, 27, 18, 11.8, 3.4, 1.6, 2.4, 63.6, 0.0, 0.0, 0.0, 0.3, 1.1, 30.0, 1.6, 2.2, 3.8, 1.1, 0.6, 0.3, 0.3, 1.3, 10.7, 1.0, 0.0, 0.4
409, Yuta Watanabe , MEM, 29, 34, 18, 16, 13.7, 3.4, 1.2, 3.4, 35.3, 0.7, 2.5, 29.4, 0.3, 0.5, 58.8, 0.3, 1.3, 1.6, 0.4, 0.6, 0.4, 0.2, 1.1, 7.1, 0.0, 0.0, -1.9
410, Devonte' Graham , SAS, 29, 16, 4, 12, 8.9, 3.4, 1.1, 2.8, 40.0, 0.8, 2.1, 35.3, 0.4, 0.6, 77.8, 0.1, 1.2, 1.3, 1.4, 0.4, 0.3, 0.1, 0.4, 7.9, 0.0, 0.0, 2.3
411, Dwight Powell , DAL, 32, 58, 36, 22, 13.2, 3.4, 1.2, 1.7, 68.7, 0.0, 0.0, 50.0, 1.1, 1.4, 72.6, 1.4, 1.8, 3.2, 1.3, 0.5, 0.4, 0.3, 1.8, 11.0, 1.0, 0.0, 1.0
412, Wenyen Gabriel , MEM, 27, 5, 1, 4, 16.2, 3.4, 1.6, 4.4, 36.4, 0.2, 1.2, 16.7, 0.0, 1.0, 0.0, 1.4, 3.6, 5.0, 0.6, 1.6, 0.4, 0.4, 2.0, 11.1, 0.0, 0.0, -3.2
413, Rayan Rupert , POR, 19, 31, 5, 26, 12.0, 3.4, 1.2, 3.1, 38.5, 0.5, 1.3, 40.0, 0.5, 0.6, 78.9, 0.5, 1.4, 1.9, 1.3, 0.6, 0.2, 0.1, 1.2, 7.7, 0.0, 0.0, -2.2
414, Gui Santos , GSW, 21, 20, 14, 6, 7.9, 3.4, 1.1, 2.2, 50.0, 0.5, 1.1, 40.9, 0.7, 0.8, 93.3, 0.8, 1.5, 2.2, 0.6, 0.4, 0.2, 0.1, 1.0, 7.2, 0.0, 0.0, 0.7
415, A.J. Lawson , DAL, 23, 36, 23, 13, 7.0, 3.3, 1.3, 2.7, 48.0, 0.4, 1.2, 31.0, 0.4, 0.6, 61.9, 0.3, 0.7, 1.0, 0.4, 0.3, 0.3, 0.1, 0.6, 5.9, 0.0, 0.0, 0.9
416, Charles Bassey , SAS, 23, 19, 3, 16, 10.8, 3.3, 1.5, 2.1, 72.5, 0.0, 0.1, 0.0, 0.3, 0.3, 83.3, 1.2, 2.8, 4.0, 1.1, 0.8, 0.4, 0.9, 1.6, 12.9, 0.0, 0.0, -2.4
417, Jordan McLaughlin , MIN, 27, 48, 30, 18, 10.5, 3.3, 1.2, 2.5, 47.5, 0.8, 1.5, 50.0, 0.2, 0.3, 66.7, 0.3, 1.0, 1.3, 1.8, 0.3, 0.6, 0.1, 0.5, 9.7, 0.0, 0.0, 1.9
418, Jeremiah Robinson-Earl , NOP, 23, 33, 18, 15, 9.3, 3.3, 1.3, 2.6, 48.8, 0.4, 1.0, 35.3, 0.4, 0.5, 80.0, 0.6, 1.5, 2.1, 0.6, 0.4, 0.3, 0.1, 0.7, 7.6, 0.0, 0.0, -0.3
419, Oscar Tshiebwe , IND, 24, 8, 2, 6, 5.2, 3.3, 1.3, 2.5, 50.0, 0.0, 0.0, 0.0, 0.8, 1.0, 75.0, 1.0, 1.0, 2.0, 0.3, 0.0, 0.3, 0.1, 0.4, 7.2, 0.0, 0.0, 1.8
420, Mike Muscala , OKC, 32, 46, 13, 33, 11.8, 3.2, 1.1, 3.2, 35.6, 0.6, 2.0, 30.1, 0.4, 0.5, 70.8, 0.7, 1.7, 2.4, 0.8, 0.4, 0.2, 0.3, 1.0, 8.3, 0.0, 0.0, -1.8
421, Ish Smith , CHA, 35, 43, 6, 37, 17.2, 3.2, 1.5, 3.7, 41.8, 0.1, 0.2, 50.0, 0.1, 0.1, 75.0, 0.3, 1.5, 1.8, 3.4, 1.1, 0.4, 0.1, 1.1, 10.8, 0.0, 0.0, -6.5
422, Wesley Matthews , ATL, 37, 33, 10, 23, 12.0, 3.2, 1.0, 2.8, 35.5, 0.7, 2.0, 36.4, 0.5, 0.7, 72.7, 0.3, 1.3, 1.6, 0.7, 0.2, 0.5, 0.3, 1.2, 8.2, 0.0, 0.0, -1.9
423, Jared Rhoden , DET, 24, 10, 1, 9, 9.9, 3.2, 1.3, 2.5, 52.0, 0.4, 1.1, 36.4, 0.2, 0.2, 100, 0.2, 1.4, 1.6, 0.7, 0.6, 0.1, 0.4, 1.2, 7.1, 0.0, 0.0, -0.4
424, Saben Lee , PHX, 24, 21, 12, 9, 8.5, 3.2, 0.9, 2.5, 34.0, 0.1, 0.8, 12.5, 1.4, 1.9, 74.4, 0.4, 1.0, 1.5, 1.4, 0.4, 0.3, 0.1, 0.6, 8.2, 0.0, 0.0, 0.8
425, Zeke Nnaji , DEN, 23, 53, 37, 16, 9.8, 3.2, 1.2, 2.6, 44.9, 0.1, 0.4, 23.8, 0.8, 1.1, 71.2, 1.1, 1.0, 2.1, 0.6, 0.5, 0.2, 0.7, 1.4, 8.9, 0.0, 0.0, -3.1
426, Jaden Springer , BOS, 21, 45, 29, 16, 10.0, 3.2, 1.2, 3.0, 38.2, 0.2, 1.0, 18.2, 0.7, 0.8, 83.3, 0.7, 0.8, 1.5, 0.9, 0.7, 0.6, 0.3, 1.3, 8.4, 0.0, 0.0, -1.3
427, Svi Mykhailiuk , BOS, 26, 33, 26, 7, 8.9, 3.2, 1.1, 2.9, 37.1, 0.8, 2.4, 35.0, 0.1, 0.2, 57.1, 0.2, 0.8, 1.1, 0.7, 0.3, 0.3, 0.0, 0.4, 6.1, 0.0, 0.0, 2.3
428, Jalen McDaniels , TOR, 26, 43, 10, 33, 9.9, 3.1, 1.2, 3.5, 35.3, 0.3, 1.5, 16.9, 0.4, 0.6, 69.2, 0.3, 1.2, 1.5, 0.6, 0.6, 0.4, 0.1, 1.0, 6.8, 0.0, 0.0, -2.8
429, Trevelin Queen , ORL, 27, 13, 5, 8, 12.5, 3.1, 1.1, 2.9, 36.8, 0.2, 1.3, 17.6, 0.7, 0.9, 75.0, 0.2, 1.2, 1.5, 1.4, 0.5, 0.5, 0.4, 1.2, 9.1, 0.0, 0.0, -0.7
430, Patrick Baldwin Jr. , WAS, 21, 32, 6, 26, 10.3, 3.0, 1.0, 3.3, 31.4, 0.6, 2.0, 27.7, 0.4, 0.6, 68.4, 0.4, 2.2, 2.6, 0.6, 0.4, 0.3, 0.3, 1.2, 8.6, 0.0, 0.0, -0.8
431, Anthony Gill , WAS, 31, 44, 8, 36, 7.0, 3.0, 1.1, 2.4, 48.1, 0.2, 0.6, 28.6, 0.5, 0.7, 77.4, 0.6, 0.9, 1.5, 0.5, 0.5, 0.2, 0.2, 0.7, 6.2, 0.0, 0.0, 1.1
431, Drew Peterson , BOS, 24, 1, 1, 0, 2.6, 3.0, 1.0, 1.0, 100, 1.0, 1.0, 100, 0.0, 0.0, 0.0, 0.0, 0.0, 0.0, 1.0, 0.0, 0.0, 0.0, 1.0, 4.5, 0.0, 0.0, 2.0
431, Noah Clowney , BKN, 19, 16, 7, 9, 10.3, 3.0, 1.1, 2.5, 45.0, 0.3, 1.0, 25.0, 0.5, 0.8, 66.7, 0.7, 1.6, 2.3, 0.6, 0.4, 0.3, 0.2, 0.8, 7.5, 0.0, 0.0, 0.1
431, Orlando Robinson , MIA, 23, 33, 18, 15, 9.1, 3.0, 1.1, 2.2, 50.0, 0.2, 0.5, 53.3, 0.6, 0.8, 76.0, 0.8, 1.7, 2.5, 1.0, 0.5, 0.2, 0.2, 1.1, 8.4, 1.0, 0.0, 0.7
435, Damian Jones , CLE, 28, 34, 22, 12, 7.3, 2.9, 1.1, 1.9, 60.0, 0.1, 0.4, 16.7, 0.5, 0.6, 85.7, 0.5, 1.2, 1.7, 0.4, 0.4, 0.2, 0.4, 0.8, 6.9, 0.0, 0.0, -1.8
436, Luka Samanic , UTA, 24, 36, 13, 23, 7.0, 2.9, 1.0, 2.6, 36.8, 0.3, 1.1, 25.0, 0.6, 0.8, 79.3, 0.3, 1.6, 1.9, 0.3, 0.4, 0.1, 0.2, 0.7, 5.8, 0.0, 0.0, -0.2
437, Moses Brown , POR, 24, 19, 4, 15, 8.8, 2.8, 1.3, 2.7, 47.1, 0.0, 0.0, 0.0, 0.3, 1.3, 24.0, 1.6, 2.1, 3.6, 0.3, 0.4, 0.2, 0.4, 1.2, 8.8, 0.0, 0.0, -2.8
438, Micah Potter , UTA, 25, 12, 2, 10, 10.6, 2.8, 1.0, 1.8, 57.1, 0.6, 1.1, 53.8, 0.3, 0.3, 100, 0.4, 1.8, 2.3, 0.2, 0.3, 0.1, 0.2, 0.4, 6.3, 0.0, 0.0, -1.3
439, Nate Hinton , HOU, 24, 11, 6, 5, 5.2, 2.8, 0.9, 1.8, 50.0, 0.6, 1.0, 63.6, 0.4, 0.5, 80.0, 0.3, 0.8, 1.1, 0.5, 0.2, 0.2, 0.2, 0.9, 5.9, 0.0, 0.0, 1.5
440, Cole Swider , MIA, 24, 15, 6, 9, 5.5, 2.8, 1.0, 2.4, 41.7, 0.7, 1.9, 35.7, 0.1, 0.1, 100, 0.1, 0.4, 0.5, 0.3, 0.5, 0.1, 0.1, 0.1, 3.6, 0.0, 0.0, -0.7
441, Sandro Mamukelashvili , SAS, 24, 39, 8, 31, 6.9, 2.8, 1.1, 2.3, 48.3, 0.2, 1.0, 23.7, 0.4, 0.5, 73.7, 0.8, 1.3, 2.0, 0.9, 0.3, 0.2, 0.2, 0.6, 7.4, 1.0, 0.0, 0.9
442, Kira Lewis Jr. , UTA, 22, 25, 10, 15, 8.1, 2.8, 1.0, 2.9, 34.7, 0.2, 1.1, 14.8, 0.6, 0.7, 88.2, 0.3, 0.6, 0.9, 1.2, 0.5, 0.2, 0.1, 0.4, 6.1, 0.0, 0.0, -1.5
443, D.J. Carton , TOR, 23, 4, 2, 2, 8.9, 2.8, 0.8, 2.0, 37.5, 0.3, 1.0, 25.0, 1.0, 1.3, 80.0, 0.5, 0.5, 1.0, 0.8, 0.3, 0.3, 0.0, 0.8, 5.6, 0.0, 0.0, -7.8
444, Alex Len , SAC, 30, 40, 21, 19, 9.2, 2.7, 1.1, 1.8, 61.6, 0.0, 0.1, 0.0, 0.5, 0.8, 60.0, 1.0, 1.7, 2.8, 0.9, 0.6, 0.3, 0.7, 1.3, 9.6, 0.0, 0.0, 2.8
445, Lindy Waters III , OKC, 26, 31, 21, 10, 6.4, 2.6, 0.9, 2.2, 40.6, 0.8, 1.9, 41.7, 0.0, 0.0, 100, 0.1, 0.8, 1.0, 0.5, 0.2, 0.1, 0.2, 0.6, 5.1, 0.0, 0.0, -0.6
446, JT Thor , CHA, 21, 56, 13, 43, 11.8, 2.6, 1.1, 2.8, 38.1, 0.4, 1.3, 32.9, 0.1, 0.2, 53.8, 0.7, 1.4, 2.1, 0.4, 0.2, 0.1, 0.4, 0.9, 7.2, 0.0, 0.0, -1.1
447, Moussa Diabate , LAC, 22, 11, 7, 4, 5.8, 2.6, 0.9, 1.7, 52.6, 0.0, 0.0, 0.0, 0.8, 1.3, 64.3, 1.4, 0.8, 2.2, 0.4, 0.2, 0.5, 0.1, 0.4, 7.3, 0.0, 0.0, -0.2
448, Dalen Terry , CHI, 21, 52, 24, 28, 10.7, 2.6, 1.0, 2.4, 41.5, 0.3, 1.2, 22.6, 0.4, 0.7, 61.8, 0.5, 1.4, 1.8, 1.3, 0.5, 0.4, 0.2, 1.3, 8.2, 0.0, 0.0, 0.9
449, Emoni Bates , CLE, 20, 13, 7, 6, 7.8, 2.6, 0.9, 2.8, 32.4, 0.7, 2.2, 32.1, 0.1, 0.3, 25.0, 0.1, 0.8, 0.8, 0.5, 0.2, 0.1, 0.2, 0.4, 5.0, 0.0, 0.0, -4.5
450, Otto Porter Jr. , TOR, 30, 15, 6, 9, 11.6, 2.6, 0.9, 2.2, 42.4, 0.5, 1.5, 34.8, 0.2, 0.2, 100, 0.4, 1.5, 1.9, 0.5, 0.1, 0.3, 0.3, 1.3, 7.6, 0.0, 0.0, 1.5
451, Johnny Davis , WAS, 22, 44, 7, 37, 11.3, 2.6, 1.1, 3.0, 36.4, 0.2, 0.7, 25.0, 0.2, 0.3, 60.0, 0.4, 1.0, 1.4, 0.5, 0.2, 0.3, 0.2, 0.9, 6.5, 0.0, 0.0, -2.3
452, Harry Giles III , LAL, 25, 22, 10, 12, 4.5, 2.5, 1.0, 2.3, 46.0, 0.1, 0.6, 21.4, 0.3, 0.6, 53.8, 0.5, 0.7, 1.3, 0.3, 0.3, 0.1, 0.1, 0.7, 4.9, 0.0, 0.0, -1.6
452, Markieff Morris , DAL, 34, 22, 13, 9, 7.9, 2.5, 0.9, 2.5, 37.0, 0.6, 1.5, 38.2, 0.1, 0.2, 75.0, 0.2, 1.2, 1.4, 0.5, 0.5, 0.2, 0.0, 0.5, 5.4, 0.0, 0.0, -1.9
454, Garrett Temple , TOR, 37, 21, 4, 17, 7.1, 2.5, 0.9, 1.9, 46.2, 0.4, 1.0, 40.0, 0.4, 0.5, 90.0, 0.4, 1.0, 1.4, 0.8, 0.3, 0.4, 0.0, 0.7, 6.3, 0.0, 0.0, -0.9
455, Furkan Korkmaz , PHI, 26, 35, 22, 13, 8.6, 2.5, 0.9, 2.2, 39.5, 0.4, 1.1, 35.0, 0.4, 0.6, 70.0, 0.1, 0.7, 0.9, 0.7, 0.3, 0.4, 0.1, 0.5, 5.8, 0.0, 0.0, 1.3
456, Adama Sanogo , CHI, 22, 4, 1, 3, 2.9, 2.5, 1.0, 1.0, 100, 0.0, 0.0, 0.0, 0.5, 0.8, 66.7, 0.8, 1.0, 1.8, 0.0, 0.3, 0.0, 0.0, 0.0, 4.4, 0.0, 0.0, 5.3
456, Greg Brown III , DAL, 22, 6, 3, 3, 6.6, 2.5, 0.8, 1.8, 45.5, 0.2, 0.5, 33.3, 0.7, 1.5, 44.4, 0.5, 1.0, 1.5, 0.7, 0.7, 0.0, 0.7, 0.8, 6.6, 0.0, 0.0, -1.5
456, Isaiah Thomas , PHX, 35, 2, 1, 1, 4.7, 2.5, 1.0, 2.5, 40.0, 0.5, 1.0, 50.0, 0.0, 0.0, 0.0, 0.0, 0.0, 0.0, 1.0, 0.0, 0.0, 0.0, 0.0, 4.0, 0.0, 0.0, 0.0
456, Udoka Azubuike , PHX, 24, 14, 10, 4, 7.7, 2.5, 1.1, 1.6, 72.7, 0.0, 0.0, 0.0, 0.2, 0.8, 27.3, 0.8, 1.5, 2.3, 0.2, 0.3, 0.1, 0.4, 1.2, 6.8, 1.0, 0.0, -2.7
460, Nate Williams , HOU, 25, 18, 9, 9, 5.5, 2.4, 1.0, 2.0, 50.0, 0.1, 0.2, 25.0, 0.4, 0.6, 70.0, 0.6, 0.3, 0.9, 0.4, 0.1, 0.2, 0.0, 0.6, 4.5, 0.0, 0.0, 1.2
461, Chuma Okeke , ORL, 25, 43, 22, 21, 9.8, 2.4, 0.9, 2.5, 35.8, 0.5, 1.9, 28.8, 0.1, 0.2, 57.1, 0.4, 1.4, 1.8, 0.4, 0.3, 0.2, 0.2, 0.4, 6.0, 0.0, 0.0, -1.7
462, Joe Harris , DET, 32, 16, 4, 12, 10.6, 2.4, 0.9, 2.4, 35.9, 0.6, 1.9, 33.3, 0.1, 0.1, 50.0, 0.2, 0.6, 0.8, 0.6, 0.3, 0.2, 0.1, 1.2, 5.0, 0.0, 0.0, -3.0
463, Olivier Sarr , OKC, 25, 14, 7, 7, 6.8, 2.4, 0.8, 1.4, 57.9, 0.1, 0.4, 33.3, 0.7, 1.1, 66.7, 0.7, 1.8, 2.5, 0.1, 0.2, 0.0, 0.5, 1.3, 6.9, 0.0, 0.0, 0.6
464, Cory Joseph , GSW, 32, 26, 10, 16, 11.4, 2.4, 0.9, 2.5, 35.9, 0.5, 1.6, 31.0, 0.2, 0.3, 57.1, 0.2, 0.9, 1.2, 1.6, 0.5, 0.2, 0.1, 1.0, 6.6, 0.0, 0.0, -0.5
465, Kenneth Lofton Jr. , UTA, 21, 17, 5, 12, 6.3, 2.4, 0.9, 2.5, 34.9, 0.2, 0.7, 25.0, 0.5, 0.9, 53.3, 0.1, 0.9, 1.1, 0.8, 0.5, 0.2, 0.2, 0.9, 5.5, 0.0, 0.0, -0.5
466, Mamadi Diakite , NYK, 27, 5, 4, 1, 4.8, 2.4, 0.8, 1.2, 66.7, 0.0, 0.2, 0.0, 0.8, 1.2, 66.7, 0.2, 0.6, 0.8, 0.4, 0.2, 0.2, 0.2, 0.4, 5.0, 0.0, 0.0, 0.6
467, Olivier-Maxence Prosper , DAL, 21, 35, 21, 14, 7.5, 2.4, 0.7, 2.1, 34.7, 0.2, 1.0, 23.5, 0.7, 1.0, 67.6, 0.6, 1.3, 1.8, 0.6, 0.1, 0.1, 0.1, 0.5, 6.0, 0.0, 0.0, -1.5
468, Reggie Bullock Jr. , HOU, 33, 36, 21, 15, 9.6, 2.4, 0.8, 2.1, 40.5, 0.7, 1.7, 40.0, 0.0, 0.0, 100, 0.2, 1.6, 1.8, 0.4, 0.2, 0.3, 0.1, 0.6, 5.8, 0.0, 0.0, -0.6
469, Andre Jackson Jr. , MIL, 22, 50, 31, 19, 10.3, 2.3, 0.9, 1.8, 52.8, 0.3, 0.8, 37.5, 0.2, 0.2, 72.7, 0.8, 1.2, 2.0, 1.0, 0.5, 0.3, 0.1, 1.7, 6.8, 1.0, 0.0, -1.2
470, Boban Marjanovic , HOU, 35, 12, 8, 4, 4.6, 2.3, 0.9, 2.0, 45.8, 0.0, 0.2, 0.0, 0.5, 0.8, 66.7, 0.5, 1.4, 1.9, 0.3, 0.2, 0.0, 0.1, 0.4, 5.2, 0.0, 0.0, -2.2
470, Dereon Seabron , NOP, 23, 6, 3, 3, 9.2, 2.3, 0.7, 2.2, 30.8, 0.2, 0.3, 50.0, 0.8, 1.0, 83.3, 0.2, 1.0, 1.2, 0.8, 0.0, 0.3, 0.2, 0.7, 6.5, 0.0, 0.0, 4.7
470, Mason Jones , SAC, 25, 3, 1, 2, 6.8, 2.3, 0.7, 2.0, 33.3, 0.7, 1.7, 40.0, 0.3, 0.7, 50.0, 0.3, 1.3, 1.7, 1.7, 0.3, 0.3, 0.0, 0.3, 7.5, 0.0, 0.0, 1.0
473, Ish Wainright , PHX, 29, 10, 2, 8, 6.1, 2.3, 0.7, 2.4, 29.2, 0.7, 2.0, 35.0, 0.2, 0.2, 100, 0.3, 1.1, 1.4, 0.1, 0.2, 0.4, 0.1, 0.8, 5.4, 0.0, 0.0, -0.6
474, Leaky Black , CHA, 24, 22, 1, 21, 9.9, 2.3, 0.8, 1.8, 43.6, 0.3, 0.7, 46.7, 0.4, 0.6, 64.3, 0.4, 1.4, 1.7, 0.8, 0.2, 0.2, 0.3, 0.7, 6.8, 0.0, 0.0, -1.8
475, Julian Phillips , CHI, 20, 40, 20, 20, 8.1, 2.2, 0.8, 1.9, 41.6, 0.3, 1.0, 31.6, 0.3, 0.5, 68.4, 0.3, 0.6, 0.9, 0.3, 0.3, 0.2, 0.2, 1.0, 4.6, 0.0, 0.0, -0.1
476, Trent Forrest , ATL, 25, 36, 18, 18, 10.8, 2.1, 0.9, 2.4, 36.5, 0.1, 0.3, 20.0, 0.4, 0.4, 81.3, 0.3, 1.0, 1.3, 2.4, 0.5, 0.3, 0.1, 0.7, 7.8, 0.0, 0.0, -2.1
477, Jericho Sims , NYK, 25, 43, 28, 15, 13.1, 2.1, 0.9, 1.3, 70.4, 0.0, 0.0, 0.0, 0.3, 0.5, 63.6, 1.3, 2.0, 3.3, 0.6, 0.4, 0.2, 0.4, 1.0, 8.3, 0.0, 0.0, -0.5
478, AJ Griffin , ATL, 20, 18, 8, 10, 7.4, 2.1, 0.7, 2.5, 28.9, 0.5, 1.8, 27.3, 0.1, 0.1, 100, 0.1, 0.7, 0.8, 0.2, 0.3, 0.1, 0.1, 0.3, 3.3, 0.0, 0.0, -1.6
479, Brandon Williams , DAL, 24, 12, 7, 5, 4.9, 2.0, 0.7, 1.8, 36.4, 0.2, 0.5, 33.3, 0.5, 0.9, 54.5, 0.3, 0.3, 0.6, 1.0, 0.3, 0.1, 0.1, 0.2, 4.5, 0.0, 0.0, -2.3
479, D'Moi Hodge , LAL, 25, 7, 1, 6, 5.9, 2.0, 0.7, 2.1, 33.3, 0.4, 1.7, 25.0, 0.1, 0.3, 50.0, 0.0, 0.0, 0.0, 0.7, 0.1, 0.1, 0.1, 0.6, 3.8, 0.0, 0.0, -5.0
479, Henri Drell , CHI, 23, 1, 0, 1, 2.9, 2.0, 1.0, 2.0, 50.0, 0.0, 1.0, 0.0, 0.0, 0.0, 0.0, 1.0, 0.0, 1.0, 2.0, 0.0, 0.0, 0.0, 0.0, 6.2, 0.0, 0.0, 3.0
479, Isaiah Mobley , CLE, 24, 6, 1, 5, 8.5, 2.0, 0.8, 2.2, 38.5, 0.3, 1.2, 28.6, 0.0, 0.0, 0.0, 0.0, 1.0, 1.0, 1.0, 0.2, 0.2, 0.0, 0.8, 5.0, 0.0, 0.0, -1.5
479, Jordan Ford , SAC, 25, 6, 2, 4, 3.6, 2.0, 0.7, 1.2, 57.1, 0.3, 0.5, 66.7, 0.3, 0.3, 100, 0.0, 0.3, 0.3, 0.3, 0.2, 0.0, 0.0, 0.0, 2.7, 0.0, 0.0, 2.3
479, Kevon Harris , ORL, 26, 2, 1, 1, 3.0, 2.0, 1.0, 1.5, 66.7, 0.0, 0.0, 0.0, 0.0, 0.0, 0.0, 0.0, 1.0, 1.0, 0.5, 0.5, 0.0, 0.0, 1.5, 3.5, 0.0, 0.0, 0.0
479, Lindell Wigginton , MIL, 26, 3, 3, 0, 2.5, 2.0, 0.7, 1.7, 40.0, 0.0, 0.7, 0.0, 0.7, 0.7, 100, 0.0, 0.0, 0.0, 0.0, 0.3, 0.0, 0.0, 0.3, 1.7, 0.0, 0.0, -3.3
479, Markquis Nowell , TOR, 24, 1, 0, 1, 3.5, 2.0, 0.0, 1.0, 0.0, 0.0, 0.0, 0.0, 2.0, 2.0, 100, 2.0, 0.0, 2.0, 2.0, 0.0, 1.0, 0.0, 0.0, 10.4, 0.0, 0.0, 4.0
479, Taze Moore , POR, 25, 3, 1, 2, 3.4, 2.0, 1.0, 1.7, 60.0, 0.0, 0.7, 0.0, 0.0, 0.0, 0.0, 0.0, 0.0, 0.0, 0.3, 0.3, 0.3, 0.0, 0.7, 3.2, 0.0, 0.0, 1.7
479, Ty Jerome , CLE, 26, 2, 1, 1, 7.4, 2.0, 1.0, 2.0, 50.0, 0.0, 0.5, 0.0, 0.0, 0.0, 0.0, 0.5, 0.0, 0.5, 1.5, 0.5, 0.0, 0.0, 1.0, 4.4, 0.0, 0.0, -7.0
489, Dylan Windler , ATL, 27, 16, 9, 7, 5.1, 1.9, 0.7, 1.4, 47.8, 0.6, 1.3, 45.0, 0.0, 0.0, 0.0, 0.1, 0.8, 0.8, 0.6, 0.1, 0.1, 0.0, 0.3, 4.1, 0.0, 0.0, 0.3
490, Colby Jones , SAC, 21, 23, 12, 11, 6.3, 1.9, 0.9, 2.3, 37.0, 0.0, 0.7, 6.7, 0.1, 0.2, 40.0, 0.6, 0.7, 1.3, 0.6, 0.3, 0.2, 0.0, 0.8, 4.7, 0.0, 0.0, -0.5
491, Cody Zeller , NOP, 31, 40, 24, 16, 7.6, 1.9, 0.6, 1.5, 41.7, 0.0, 0.1, 33.3, 0.6, 1.0, 60.5, 1.2, 1.6, 2.7, 0.9, 0.4, 0.2, 0.1, 1.1, 7.1, 0.0, 0.0, 1.4
492, Daishen Nix , MIN, 22, 12, 9, 3, 3.3, 1.8, 0.7, 1.7, 40.0, 0.4, 1.2, 35.7, 0.1, 0.3, 25.0, 0.0, 0.1, 0.1, 0.2, 0.2, 0.3, 0.0, 0.1, 3.0, 0.0, 0.0, 1.7
493, Colin Castleton , LAL, 23, 10, 5, 5, 4.5, 1.8, 0.7, 1.1, 63.6, 0.0, 0.0, 0.0, 0.4, 0.4, 100, 0.4, 0.6, 1.0, 0.3, 0.2, 0.1, 0.0, 1.0, 3.6, 0.0, 0.0, -2.7
493, Tristan Vukcevic , WAS, 21, 5, 2, 3, 6.4, 1.8, 0.6, 2.0, 30.0, 0.6, 1.4, 42.9, 0.0, 0.0, 0.0, 0.0, 1.8, 1.8, 0.4, 0.4, 0.2, 0.2, 1.2, 5.4, 0.0, 0.0, 0.4
495, Kessler Edwards , SAC, 23, 48, 29, 19, 5.1, 1.8, 0.6, 1.5, 42.5, 0.4, 1.0, 39.1, 0.1, 0.2, 50.0, 0.2, 0.6, 0.8, 0.2, 0.1, 0.2, 0.1, 0.5, 3.8, 0.0, 0.0, -0.9
495, Mouhamadou Gueye , TOR, 25, 8, 0, 8, 8.0, 1.8, 0.8, 2.5, 30.0, 0.0, 0.1, 0.0, 0.3, 0.8, 33.3, 1.0, 0.4, 1.4, 0.3, 0.8, 0.1, 1.1, 0.8, 6.8, 0.0, 0.0, -6.1
497, Kobe Brown , LAC, 24, 38, 25, 13, 7.9, 1.7, 0.7, 1.7, 40.0, 0.3, 1.0, 30.8, 0.0, 0.1, 50.0, 0.3, 1.0, 1.2, 0.4, 0.2, 0.2, 0.1, 1.1, 4.4, 0.0, 0.0, -1.6
498, Jamaree Bouyea , SAS, 24, 6, 0, 6, 9.5, 1.7, 0.8, 3.5, 23.8, 0.0, 1.3, 0.0, 0.0, 0.0, 0.0, 0.3, 1.3, 1.7, 1.3, 1.3, 0.0, 0.0, 0.5, 4.3, 0.0, 0.0, -3.7
499, Jett Howard , ORL, 20, 14, 7, 7, 3.7, 1.6, 0.6, 1.6, 34.8, 0.4, 1.3, 27.8, 0.1, 0.3, 50.0, 0.1, 0.3, 0.4, 0.2, 0.1, 0.0, 0.1, 0.2, 2.5, 0.0, 0.0, -0.1
500, Jermaine Samuels Jr. , HOU, 25, 11, 6, 5, 4.8, 1.6, 0.7, 1.0, 72.7, 0.0, 0.2, 0.0, 0.2, 0.2, 100, 0.2, 0.8, 1.0, 0.2, 0.0, 0.1, 0.1, 0.4, 3.7, 0.0, 0.0, -1.0
501, Jalen Pickett , DEN, 24, 24, 17, 7, 4.8, 1.6, 0.6, 1.4, 42.4, 0.3, 1.0, 34.8, 0.1, 0.2, 75.0, 0.0, 0.5, 0.5, 0.8, 0.4, 0.1, 0.0, 0.5, 3.4, 0.0, 0.0, -0.2
501, Jordan Miller , LAC, 24, 8, 5, 3, 3.5, 1.6, 0.6, 1.1, 55.6, 0.1, 0.3, 50.0, 0.3, 0.3, 100, 0.4, 0.3, 0.6, 0.0, 0.1, 0.0, 0.0, 0.3, 2.3, 0.0, 0.0, -1.6
503, Jalen Hood-Schifino , LAL, 20, 21, 10, 11, 5.2, 1.6, 0.5, 2.1, 22.2, 0.1, 0.7, 13.3, 0.6, 1.0, 60.0, 0.1, 0.5, 0.6, 0.4, 0.4, 0.1, 0.1, 0.6, 3.2, 0.0, 0.0, -2.6
504, P.J. Tucker , LAC, 38, 25, 10, 15, 15.6, 1.6, 0.5, 1.6, 33.3, 0.4, 1.2, 34.5, 0.1, 0.1, 100, 0.9, 1.9, 2.8, 0.5, 0.3, 0.5, 0.3, 1.9, 7.8, 0.0, 0.0, -1.2
505, Seth Lundy , ATL, 23, 9, 2, 7, 5.8, 1.6, 0.4, 1.9, 23.5, 0.3, 1.4, 23.1, 0.3, 0.4, 75.0, 0.1, 0.7, 0.8, 0.0, 0.1, 0.0, 0.0, 0.7, 2.4, 0.0, 0.0, -1.4
506, Ibou Badji , POR, 21, 21, 5, 16, 10.3, 1.5, 0.6, 1.0, 65.0, 0.0, 0.0, 0.0, 0.3, 0.6, 50.0, 1.0, 1.5, 2.4, 0.6, 0.7, 0.1, 1.0, 2.1, 7.8, 0.0, 0.0, -4.5
507, Dariq Whitehead , BKN, 19, 2, 1, 1, 12.0, 1.5, 0.5, 2.5, 20.0, 0.0, 1.5, 0.0, 0.5, 1.0, 50.0, 0.0, 2.0, 2.0, 1.5, 0.0, 0.0, 0.5, 0.0, 7.7, 0.0, 0.0, -11.0
508, Josh Minott , MIN, 21, 26, 20, 6, 2.7, 1.5, 0.5, 1.0, 44.4, 0.1, 0.3, 25.0, 0.5, 0.5, 85.7, 0.1, 0.4, 0.5, 0.2, 0.1, 0.2, 0.2, 0.3, 3.1, 0.0, 0.0, 0.0
509, Jacob Toppin , NYK, 23, 9, 2, 7, 4.2, 1.4, 0.6, 1.0, 55.6, 0.1, 0.4, 25.0, 0.2, 0.2, 100, 0.3, 0.4, 0.8, 0.3, 0.1, 0.0, 0.1, 0.3, 3.1, 0.0, 0.0, -1.8
510, Kendall Brown , IND, 20, 12, 7, 5, 3.6, 1.4, 0.5, 0.8, 60.0, 0.0, 0.1, 0.0, 0.4, 0.7, 62.5, 0.3, 0.1, 0.3, 0.3, 0.1, 0.0, 0.0, 0.4, 2.2, 0.0, 0.0, -1.3
511, Terry Taylor , CHI, 24, 30, 12, 18, 5.9, 1.4, 0.6, 1.2, 51.4, 0.1, 0.3, 22.2, 0.1, 0.1, 66.7, 0.5, 0.7, 1.2, 0.3, 0.2, 0.1, 0.1, 0.6, 3.7, 0.0, 0.0, 0.5
512, Jerome Robinson , GSW, 27, 19, 14, 5, 3.6, 1.4, 0.5, 1.5, 31.0, 0.1, 0.8, 13.3, 0.3, 0.5, 60.0, 0.1, 0.2, 0.3, 0.3, 0.1, 0.0, 0.2, 0.3, 2.4, 0.0, 0.0, 1.5
513, Leonard Miller , MIN, 20, 11, 10, 1, 3.0, 1.4, 0.6, 1.0, 63.6, 0.1, 0.3, 33.3, 0.0, 0.0, 0.0, 0.2, 0.9, 1.1, 0.5, 0.1, 0.1, 0.1, 0.4, 3.8, 0.0, 0.0, -1.0
514, JD Davison , BOS, 21, 6, 6, 0, 1.9, 1.3, 0.3, 0.5, 66.7, 0.3, 0.5, 66.7, 0.3, 0.3, 100, 0.2, 0.3, 0.5, 0.2, 0.0, 0.0, 0.0, 0.2, 2.2, 0.0, 0.0, 1.3
515, Nathan Mensah , CHA, 25, 25, 3, 22, 12.3, 1.3, 0.5, 1.1, 42.9, 0.0, 0.0, 0.0, 0.4, 0.5, 75.0, 1.2, 1.4, 2.6, 0.4, 0.6, 0.2, 0.6, 2.6, 6.8, 0.0, 0.0, -5.3
516, Hunter Tyson , DEN, 23, 14, 10, 4, 2.9, 1.3, 0.5, 1.2, 41.2, 0.3, 0.9, 33.3, 0.0, 0.0, 0.0, 0.1, 0.6, 0.6, 0.1, 0.1, 0.0, 0.0, 0.7, 2.1, 0.0, 0.0, 0.5
517, R.J. Hampton , MIA, 23, 8, 3, 5, 9.5, 1.3, 0.5, 1.8, 28.6, 0.1, 1.0, 12.5, 0.1, 0.3, 50.0, 0.3, 0.5, 0.8, 1.0, 0.4, 0.0, 0.0, 1.0, 3.3, 0.0, 0.0, 2.6
518, Keyontae Johnson , OKC, 23, 9, 7, 2, 7.4, 1.2, 0.6, 1.8, 31.3, 0.1, 0.3, 33.3, 0.0, 0.0, 0.0, 0.4, 0.7, 1.1, 0.4, 0.4, 0.1, 0.0, 0.6, 3.1, 0.0, 0.0, -0.8
518, Xavier Moon , LAC, 29, 9, 5, 4, 4.1, 1.2, 0.6, 1.6, 35.7, 0.0, 0.6, 0.0, 0.1, 0.2, 50.0, 0.2, 0.3, 0.6, 0.8, 0.4, 0.1, 0.1, 0.4, 3.3, 0.0, 0.0, -3.7
520, Justin Minaya , POR, 25, 28, 2, 26, 7.7, 1.2, 0.4, 1.5, 29.3, 0.2, 0.9, 23.1, 0.1, 0.3, 50.0, 0.5, 0.6, 1.1, 0.3, 0.3, 0.2, 0.3, 0.6, 4.2, 0.0, 0.0, -1.0
521, Robin Lopez , MIL, 36, 16, 10, 6, 4.0, 1.1, 0.4, 1.2, 36.8, 0.1, 0.5, 25.0, 0.1, 0.1, 100, 0.2, 0.1, 0.3, 0.3, 0.1, 0.1, 0.2, 0.4, 2.5, 0.0, 0.0, -1.4
522, Chris Livingston , MIL, 20, 17, 11, 6, 4.2, 1.1, 0.5, 1.1, 44.4, 0.1, 0.2, 25.0, 0.1, 0.1, 100, 0.1, 0.8, 0.9, 0.3, 0.2, 0.1, 0.0, 0.6, 2.7, 0.0, 0.0, -0.7
522, Jay Huff , DEN, 26, 17, 13, 4, 2.6, 1.1, 0.4, 0.8, 53.8, 0.2, 0.5, 33.3, 0.1, 0.1, 100, 0.1, 0.5, 0.6, 0.1, 0.1, 0.1, 0.1, 0.5, 2.3, 0.0, 0.0, -0.8
522, Taj Gibson , DET, 38, 17, 7, 10, 10.4, 1.1, 0.5, 1.5, 32.0, 0.1, 0.5, 12.5, 0.1, 0.1, 100, 0.6, 1.2, 1.8, 0.5, 0.3, 0.2, 0.4, 1.7, 5.3, 0.0, 0.0, -1.6
525, Admiral Schofield , ORL, 27, 21, 14, 7, 3.8, 1.1, 0.4, 1.1, 37.5, 0.2, 0.7, 33.3, 0.0, 0.1, 0.0, 0.1, 0.6, 0.7, 0.3, 0.2, 0.0, 0.0, 0.4, 2.3, 0.0, 0.0, -0.9
526, Braxton Key , DEN, 27, 19, 13, 6, 3.1, 1.1, 0.4, 0.9, 41.2, 0.1, 0.3, 40.0, 0.2, 0.3, 66.7, 0.2, 0.7, 0.8, 0.5, 0.1, 0.1, 0.1, 0.3, 3.2, 0.0, 0.0, -0.4
527, Alex Fudge , DAL, 20, 4, 1, 3, 3.6, 1.0, 0.3, 1.5, 16.7, 0.0, 0.5, 0.0, 0.5, 0.5, 100, 0.5, 0.0, 0.5, 0.0, 0.3, 0.0, 0.0, 0.3, 1.4, 0.0, 0.0, -5.0
527, Filip Petrusev , SAC, 23, 3, 2, 1, 3.1, 1.0, 0.3, 0.7, 50.0, 0.0, 0.0, 0.0, 0.3, 0.7, 50.0, 0.0, 0.3, 0.3, 0.0, 0.0, 0.0, 0.0, 0.3, 1.4, 0.0, 0.0, 2.0
527, Frank Ntilikina , CHA, 25, 5, 0, 5, 8.6, 1.0, 0.2, 1.8, 11.1, 0.2, 1.6, 12.5, 0.4, 0.4, 100, 0.2, 1.0, 1.2, 0.8, 0.2, 0.0, 0.0, 0.8, 3.4, 0.0, 0.0, -0.2
527, Hamidou Diallo , WAS, 25, 2, 1, 1, 2.4, 1.0, 0.5, 1.0, 50.0, 0.0, 0.0, 0.0, 0.0, 0.0, 0.0, 1.0, 0.0, 1.0, 0.5, 0.5, 1.0, 0.0, 0.5, 5.5, 0.0, 0.0, 2.0
527, James Johnson , IND, 37, 8, 3, 5, 5.0, 1.0, 0.4, 1.1, 33.3, 0.0, 0.3, 0.0, 0.3, 0.3, 100, 0.1, 0.4, 0.5, 0.9, 0.5, 0.6, 0.1, 0.9, 4.7, 0.0, 0.0, -0.1
527, Jason Preston , UTA, 24, 4, 1, 3, 7.6, 1.0, 0.5, 1.5, 33.3, 0.0, 0.0, 0.0, 0.0, 0.0, 0.0, 0.8, 1.0, 1.8, 1.8, 0.5, 0.3, 0.0, 0.3, 6.0, 0.0, 0.0, 4.3
527, Jordan Walsh , BOS, 20, 6, 6, 0, 6.7, 1.0, 0.5, 1.3, 37.5, 0.0, 0.7, 0.0, 0.0, 0.0, 0.0, 0.5, 1.7, 2.2, 0.7, 0.3, 0.3, 0.2, 1.0, 5.8, 0.0, 0.0, 5.7
527, Joshua Primo , LAC, 21, 2, 2, 0, 5.1, 1.0, 0.5, 1.5, 33.3, 0.0, 0.5, 0.0, 0.0, 0.0, 0.0, 0.5, 0.0, 0.5, 0.0, 2.0, 0.0, 0.5, 0.0, 1.1, 0.0, 0.0, -0.5
527, Sidy Cissoko , SAS, 19, 6, 1, 5, 5.3, 1.0, 0.2, 1.0, 16.7, 0.0, 0.7, 0.0, 0.7, 0.7, 100, 0.0, 1.0, 1.0, 0.0, 0.2, 0.5, 0.0, 0.3, 3.5, 0.0, 0.0, 2.5
536, Thanasis Antetokounmpo , MIL, 31, 29, 19, 10, 4.7, 0.9, 0.4, 0.9, 50.0, 0.0, 0.0, 0.0, 0.0, 0.1, 0.0, 0.2, 0.2, 0.4, 0.5, 0.4, 0.2, 0.1, 0.8, 2.6, 0.0, 0.0, -1.0
537, Amari Bailey , CHA, 20, 8, 0, 8, 3.9, 0.9, 0.4, 1.5, 25.0, 0.0, 0.6, 0.0, 0.1, 0.3, 50.0, 0.3, 0.0, 0.3, 0.3, 0.1, 0.1, 0.0, 0.0, 1.8, 0.0, 0.0, 0.4
537, DaQuan Jeffries , NYK, 26, 16, 10, 6, 2.8, 0.9, 0.4, 1.1, 35.3, 0.1, 0.6, 20.0, 0.0, 0.1, 0.0, 0.0, 0.3, 0.3, 0.3, 0.2, 0.0, 0.1, 0.1, 1.7, 0.0, 0.0, -0.3
539, Alondes Williams , MIA, 24, 4, 3, 1, 2.9, 0.8, 0.3, 1.0, 25.0, 0.0, 0.5, 0.0, 0.3, 0.3, 100, 0.0, 0.3, 0.3, 0.0, 0.3, 0.0, 0.0, 0.0, 0.8, 0.0, 0.0, -2.5
539, Charlie Brown Jr. , NYK, 27, 8, 2, 6, 4.7, 0.8, 0.3, 1.3, 20.0, 0.3, 0.9, 28.6, 0.0, 0.0, 0.0, 0.1, 0.1, 0.3, 0.0, 0.3, 0.0, 0.3, 0.6, 1.6, 0.0, 0.0, -0.8
541, Jalen Slawson , SAC, 24, 9, 6, 3, 3.5, 0.7, 0.3, 0.6, 60.0, 0.0, 0.2, 0.0, 0.0, 0.0, 0.0, 0.1, 0.7, 0.8, 0.2, 0.2, 0.1, 0.1, 0.8, 2.4, 0.0, 0.0, -1.0
541, Pat Spencer , GSW, 27, 3, 1, 2, 2.0, 0.7, 0.3, 0.3, 100, 0.0, 0.0, 0.0, 0.0, 0.0, 0.0, 0.0, 0.0, 0.0, 0.7, 0.0, 0.0, 0.0, 0.0, 1.7, 0.0, 0.0, 0.0
541, Shaquille Harrison , MEM, 30, 3, 1, 2, 2.0, 0.7, 0.3, 0.7, 50.0, 0.0, 0.0, 0.0, 0.0, 0.0, 0.0, 0.0, 0.7, 0.7, 0.0, 0.0, 0.0, 0.3, 0.0, 2.5, 0.0, 0.0, -3.7
544, Juan Toscano-Anderson , SAC, 30, 11, 7, 4, 4.8, 0.6, 0.3, 1.1, 25.0, 0.1, 0.4, 25.0, 0.0, 0.0, 0.0, 0.4, 0.9, 1.3, 0.4, 0.2, 0.1, 0.1, 1.0, 3.1, 0.0, 0.0, -0.8
545, TyTy Washington Jr. , MIL, 22, 5, 3, 2, 4.1, 0.6, 0.2, 1.4, 14.3, 0.2, 0.6, 33.3, 0.0, 0.0, 0.0, 0.0, 0.2, 0.2, 0.2, 0.4, 0.4, 0.0, 0.0, 1.9, 0.0, 0.0, -0.6
546, Wendell Moore Jr. , MIN, 22, 19, 15, 4, 2.8, 0.5, 0.3, 0.6, 45.5, 0.0, 0.2, 0.0, 0.0, 0.0, 0.0, 0.0, 0.4, 0.4, 0.1, 0.2, 0.3, 0.1, 0.2, 1.9, 0.0, 0.0, -1.3
547, E.J. Liddell , NOP, 23, 8, 3, 5, 2.9, 0.5, 0.1, 0.8, 16.7, 0.0, 0.6, 0.0, 0.3, 0.3, 100, 0.0, 0.6, 0.6, 0.1, 0.3, 0.3, 0.3, 0.3, 2.7, 0.0, 0.0, -0.5
548, Maxwell Lewis , LAL, 21, 28, 14, 14, 3.2, 0.3, 0.1, 0.5, 20.0, 0.0, 0.2, 16.7, 0.0, 0.0, 0.0, 0.0, 0.1, 0.1, 0.2, 0.3, 0.1, 0.0, 0.1, 0.7, 0.0, 0.0, -2.1
549, Adam Flagler , OKC, 24, 1, 1, 0, 5.5, 0.0, 0.0, 3.0, 0.0, 0.0, 3.0, 0.0, 0.0, 0.0, 0.0, 0.0, 0.0, 0.0, 1.0, 0.0, 0.0, 0.0, 0.0, 1.5, 0.0, 0.0, 0.0
549, Andrew Funk , CHI, 24, 2, 1, 1, 1.3, 0.0, 0.0, 0.5, 0.0, 0.0, 0.0, 0.0, 0.0, 0.0, 0.0, 0.0, 0.0, 0.0, 0.0, 0.0, 0.0, 0.0, 0.0, 0.0, 0.0, 0.0, 4.0
549, Danny Green , PHI, 36, 2, 1, 1, 9.2, 0.0, 0.0, 1.0, 0.0, 0.0, 0.5, 0.0, 0.0, 0.0, 0.0, 0.0, 1.0, 1.0, 0.5, 0.0, 0.5, 0.0, 0.5, 3.5, 0.0, 0.0, 0.0
549, Darius Bazley , UTA, 23, 3, 0, 3, 3.3, 0.0, 0.0, 0.3, 0.0, 0.0, 0.0, 0.0, 0.0, 0.0, 0.0, 0.0, 0.3, 0.3, 0.7, 0.3, 0.0, 0.0, 0.0, 1.1, 0.0, 0.0, -0.3
549, Dmytro Skapintsev , NYK, 25, 2, 0, 2, 1.1, 0.0, 0.0, 0.5, 0.0, 0.0, 0.0, 0.0, 0.0, 0.0, 0.0, 0.0, 0.0, 0.0, 0.0, 0.0, 0.0, 0.0, 0.0, 0.0, 0.0, 0.0, 0.0
549, Jalen Crutcher , NOP, 24, 1, 1, 0, 2.7, 0.0, 0.0, 1.0, 0.0, 0.0, 0.0, 0.0, 0.0, 0.0, 0.0, 0.0, 0.0, 0.0, 0.0, 0.0, 0.0, 0.0, 0.0, 0.0, 0.0, 0.0, 1.0
549, Javonte Smart , PHI, 24, 1, 1, 0, 0.7, 0.0, 0.0, 0.0, 0.0, 0.0, 0.0, 0.0, 0.0, 0.0, 0.0, 0.0, 0.0, 0.0, 0.0, 0.0, 0.0, 0.0, 0.0, 0.0, 0.0, 0.0, -3.0
549, Justin Jackson , MIN, 29, 2, 2, 0, 0.4, 0.0, 0.0, 0.0, 0.0, 0.0, 0.0, 0.0, 0.0, 0.0, 0.0, 0.0, 0.0, 0.0, 0.0, 0.0, 0.0, 0.0, 0.0, 0.0, 0.0, 0.0, 0.0
549, Kaiser Gates , NOP, 27, 1, 0, 1, 7.4, 0.0, 0.0, 4.0, 0.0, 0.0, 2.0, 0.0, 0.0, 0.0, 0.0, 0.0, 1.0, 1.0, 0.0, 0.0, 0.0, 0.0, 0.0, 1.2, 0.0, 0.0, -2.0
549, Malcolm Cazalon , DET, 22, 1, 0, 1, 2.6, 0.0, 0.0, 0.0, 0.0, 0.0, 0.0, 0.0, 0.0, 0.0, 0.0, 0.0, 0.0, 0.0, 0.0, 0.0, 0.0, 0.0, 0.0, 0.0, 0.0, 0.0, 5.0
549, Marques Bolden , CHA, 25, 4, 2, 2, 3.9, 0.0, 0.0, 0.3, 0.0, 0.0, 0.0, 0.0, 0.0, 0.0, 0.0, 0.0, 0.8, 0.8, 0.0, 0.3, 0.0, 0.0, 0.5, 0.7, 0.0, 0.0, 2.5
549, Mouhamed Gueye , ATL, 21, 2, 2, 0, 2.2, 0.0, 0.0, 0.5, 0.0, 0.0, 0.5, 0.0, 0.0, 0.0, 0.0, 0.0, 0.0, 0.0, 0.0, 0.0, 0.5, 0.0, 0.5, 1.5, 0.0, 0.0, -6.5
549, Pete Nance , CLE, 24, 4, 2, 2, 2.6, 0.0, 0.0, 0.5, 0.0, 0.0, 0.0, 0.0, 0.0, 0.0, 0.0, 0.0, 0.5, 0.5, 0.0, 0.0, 0.0, 0.0, 0.3, 0.6, 0.0, 0.0, 1.0
549, Quenton Jackson , IND, 25, 1, 1, 0, 1.8, 0.0, 0.0, 0.0, 0.0, 0.0, 0.0, 0.0, 0.0, 0.0, 0.0, 0.0, 1.0, 1.0, 0.0, 0.0, 0.0, 0.0, 0.0, 1.2, 0.0, 0.0, -6.0
549, Ron Harper Jr. , TOR, 23, 1, 1, 0, 3.7, 0.0, 0.0, 0.0, 0.0, 0.0, 0.0, 0.0, 0.0, 0.0, 0.0, 0.0, 0.0, 0.0, 1.0, 0.0, 0.0, 0.0, 2.0, 1.5, 0.0, 0.0, -9.0
549, Ryan Arcidiacono , NYK, 30, 20, 15, 5, 2.3, 0.0, 0.0, 0.3, 0.0, 0.0, 0.3, 0.0, 0.0, 0.0, 0.0, 0.0, 0.4, 0.4, 0.2, 0.1, 0.1, 0.0, 0.3, 1.0, 0.0, 0.0, 0.1
549, Usman Garuba , GSW, 22, 3, 2, 1, 2.6, 0.0, 0.0, 0.3, 0.0, 0.0, 0.0, 0.0, 0.0, 0.0, 0.0, 0.3, 0.0, 0.3, 0.3, 0.0, 0.3, 0.0, 0.7, 1.9, 0.0, 0.0, -1.7
549, Zavier Simpson , MEM, 27, 1, 0, 1, 8.9, 0.0, 0.0, 1.0, 0.0, 0.0, 0.0, 0.0, 0.0, 0.0, 0.0, 1.0, 0.0, 1.0, 4.0, 1.0, 1.0, 0.0, 1.0, 9.2, 0.0, 0.0, 12.0