IND, PLAYER, GP, W, L, MIN, EST._OFFRTG, EST._DEFRTG, EST._NETRTG, EST._AST_RATIO, EST._OREB%, EST._DREB%, EST._REB%, EST._TO_RATIO, EST._USG%, EST._PACE
1, Buddy Hield, 73, 38, 35, 26, 115.8, 116.5, -0.7, 20.1, 2.7, 11.2, 6.9, 8.4, 19.0, 102.88,
2, Obi Toppin, 72, 40, 32, 22, 118.9, 116.3, 2.6, 15.0, 5.5, 15.4, 10.4, 8.4, 16.2, 106.01,
3, Collin Sexton, 71, 29, 42, 26, 116.0, 118.9, -2.9, 22.0, 3.8, 7.3, 5.6, 9.2, 27.0, 103.18,
3, Jeremy Sochan, 71, 15, 56, 30, 106.5, 114.3, -7.9, 20.8, 6.8, 16.6, 11.7, 11.6, 18.8, 103.08,
3, Austin Reaves, 71, 39, 32, 32, 114.1, 115.2, -1.0, 26.9, 2.4, 12.0, 7.4, 10.5, 20.4, 102.88,
3, Bobby Portis, 71, 46, 25, 24, 117.3, 115.7, 1.6, 8.5, 7.7, 25.7, 16.8, 7.5, 22.7, 101.43,
3, Nickeil Alexander-Walker, 71, 49, 22, 24, 114.0, 105.5, 8.5, 25.1, 2.3, 7.4, 5.0, 9.2, 14.3, 100.00,
3, Mikal Bridges, 71, 26, 45, 35, 110.0, 113.4, -3.4, 15.4, 2.5, 12.5, 7.3, 8.7, 25.1, 99.82,
3, Dennis Schroder, 71, 24, 47, 31, 111.6, 115.5, -3.9, 29.5, 1.5, 8.7, 5.0, 9.5, 20.4, 99.60,
3, Jonas Valanciunas, 71, 44, 27, 24, 117.3, 112.0, 5.4, 15.7, 11.6, 29.9, 21.1, 9.9, 20.4, 99.58,
3, Reggie Jackson, 71, 50, 21, 22, 112.3, 111.7, 0.5, 25.7, 1.8, 7.5, 4.7, 8.8, 21.3, 99.54,
3, Georges Niang, 71, 43, 28, 23, 113.4, 112.3, 1.2, 12.2, 1.5, 16.0, 9.0, 8.9, 17.7, 99.27,
3, Christian Braun, 71, 50, 21, 19, 109.0, 110.3, -1.3, 16.9, 4.8, 14.8, 9.9, 7.8, 15.8, 98.94,
3, Paul Reed, 71, 39, 32, 19, 113.9, 112.7, 1.2, 15.8, 13.4, 21.4, 17.2, 8.9, 15.7, 98.70,
3, Andre Drummond, 71, 34, 37, 17, 113.4, 114.4, -1.0, 5.3, 21.3, 36.3, 28.6, 12.0, 20.8, 97.89,
3, Payton Pritchard, 71, 57, 14, 22, 120.5, 110.1, 10.4, 27.4, 4.4, 11.9, 8.2, 6.3, 16.3, 97.35,
17, Chet Holmgren, 70, 49, 21, 30, 118.4, 109.9, 8.5, 14.9, 6.3, 22.0, 14.6, 8.9, 21.3, 102.90,
17, Harrison Barnes, 70, 41, 29, 29, 112.8, 115.8, -3.0, 9.6, 2.8, 8.5, 5.5, 6.0, 15.4, 102.20,
17, Ochai Agbaji, 70, 29, 41, 20, 109.0, 116.7, -7.7, 13.5, 4.9, 9.5, 7.2, 10.2, 13.6, 102.20,
17, Pascal Siakam, 70, 31, 39, 34, 115.3, 114.8, 0.5, 18.4, 5.5, 17.7, 11.5, 7.4, 25.3, 102.01,
17, Jalen Green, 70, 35, 35, 31, 112.6, 112.6, 0.0, 14.3, 1.6, 15.5, 8.6, 9.2, 27.4, 101.57,
17, Domantas Sabonis, 70, 41, 29, 36, 114.6, 114.7, -0.1, 30.8, 10.8, 33.1, 21.7, 12.2, 22.2, 101.48,
17, Cason Wallace, 70, 49, 21, 21, 115.4, 109.8, 5.5, 18.8, 3.8, 8.6, 6.3, 6.9, 12.9, 101.46,
17, Naz Reid, 70, 49, 21, 24, 111.5, 103.9, 7.6, 9.1, 4.7, 18.5, 11.9, 9.7, 22.3, 100.59,
17, Michael Porter Jr., 70, 50, 20, 32, 118.5, 111.5, 6.9, 9.0, 4.8, 19.6, 12.3, 6.8, 20.4, 98.71,
17, Cole Anthony, 70, 42, 28, 23, 111.5, 108.9, 2.6, 19.6, 4.5, 16.2, 10.3, 10.4, 23.6, 98.49,
27, Jordan Poole, 69, 13, 56, 29, 108.6, 118.8, -10.1, 17.8, 1.4, 8.1, 4.7, 10.5, 26.0, 105.86,
27, Corey Kispert, 69, 13, 56, 24, 107.7, 118.7, -11.0, 13.4, 1.4, 10.2, 5.7, 8.8, 19.8, 104.68,
27, Shai Gilgeous-Alexander, 69, 49, 20, 34, 120.0, 109.2, 10.8, 19.5, 2.9, 14.8, 9.1, 6.9, 32.5, 103.35,
27, Josh Giddey, 69, 49, 20, 25, 118.4, 111.0, 7.4, 25.9, 6.4, 20.4, 13.7, 11.3, 22.3, 103.05,
27, Jonathan Kuminga, 69, 35, 34, 26, 114.4, 110.9, 3.4, 12.1, 5.2, 13.9, 9.6, 9.6, 24.7, 102.92,
27, Kelly Olynyk, 69, 29, 40, 22, 109.6, 117.6, -8.0, 32.6, 7.0, 18.6, 12.9, 13.9, 17.2, 102.87,
27, Malik Monk, 69, 41, 28, 26, 113.9, 115.5, -1.6, 24.8, 1.7, 11.1, 6.3, 10.0, 25.5, 102.53,
27, Paolo Banchero, 69, 41, 28, 35, 110.6, 110.3, 0.2, 18.6, 3.4, 19.5, 11.3, 10.7, 29.3, 100.00,
27, Moritz Wagner, 69, 41, 28, 18, 113.4, 110.7, 2.6, 11.3, 9.9, 20.2, 15.0, 11.4, 22.7, 99.68,
27, Peyton Watson, 69, 49, 20, 18, 109.9, 110.9, -1.0, 12.5, 4.0, 13.1, 8.8, 9.2, 16.9, 98.84,
27, Ayo Dosunmu, 69, 34, 35, 29, 111.6, 113.8, -2.2, 21.9, 2.6, 8.3, 5.4, 8.9, 17.1, 98.76,
27, DeMar DeRozan, 69, 33, 36, 38, 112.9, 114.2, -1.4, 19.8, 1.7, 11.5, 6.5, 5.7, 25.1, 98.50,
27, Donte DiVincenzo, 69, 42, 27, 27, 114.4, 113.4, 1.0, 16.1, 3.3, 11.2, 7.2, 8.1, 21.6, 98.40,
27, Josh Hart, 69, 41, 28, 33, 112.9, 109.5, 3.4, 26.6, 5.1, 22.6, 13.8, 9.8, 13.4, 97.33,
41, Myles Turner, 68, 38, 30, 27, 118.2, 114.9, 3.3, 7.9, 6.4, 21.9, 14.2, 8.7, 23.6, 104.03,
41, Malik Beasley, 68, 43, 25, 30, 118.9, 110.2, 8.7, 12.3, 2.2, 11.3, 6.9, 6.1, 14.2, 103.88,
41, Brook Lopez, 68, 45, 23, 31, 117.1, 110.4, 6.7, 13.1, 5.3, 12.5, 9.1, 7.1, 15.6, 103.71,
41, Luguentz Dort, 68, 47, 21, 28, 119.4, 110.5, 8.9, 12.2, 4.1, 10.0, 7.2, 7.7, 15.1, 102.93,
41, Royce O'Neale, 68, 31, 37, 25, 113.0, 110.7, 2.3, 26.0, 3.3, 17.5, 10.4, 8.9, 13.8, 101.66,
41, Toumani Camara, 68, 19, 49, 25, 105.4, 111.0, -5.7, 13.6, 8.3, 13.7, 10.9, 12.5, 13.5, 100.42,
41, Kyle Anderson, 68, 48, 20, 23, 110.7, 105.5, 5.2, 36.3, 4.3, 13.5, 9.0, 10.1, 14.3, 99.89,
41, Anthony Edwards, 68, 47, 21, 35, 114.9, 106.2, 8.7, 16.6, 2.1, 15.0, 9.0, 10.0, 32.4, 99.74,
41, Nikola Jokic, 68, 48, 20, 34, 120.5, 110.1, 10.4, 28.1, 9.7, 30.1, 20.2, 9.1, 29.1, 99.25,
41, Sam Hauser, 68, 55, 13, 21, 119.6, 107.8, 11.8, 11.6, 2.9, 13.6, 8.5, 5.5, 14.2, 99.01,
41, Coby White, 68, 32, 36, 37, 114.1, 114.0, 0.1, 21.7, 1.7, 12.9, 7.2, 9.1, 22.8, 98.53,
52, Kyle Kuzma, 67, 13, 54, 32, 109.0, 118.9, -9.9, 15.4, 3.0, 19.0, 10.8, 10.0, 30.2, 105.20,
52, Cedi Osman, 67, 14, 53, 17, 105.8, 119.3, -13.5, 20.7, 2.0, 13.9, 7.7, 8.3, 15.1, 104.36,
52, Anthony Davis, 67, 38, 29, 36, 115.0, 113.5, 1.5, 14.3, 10.2, 28.1, 19.5, 7.8, 26.3, 103.57,
52, Tim Hardaway Jr., 67, 40, 27, 28, 115.4, 115.4, 0.1, 10.1, 1.2, 12.1, 6.6, 5.6, 23.0, 103.12,
52, Taurean Prince, 67, 36, 31, 28, 113.2, 116.5, -3.3, 15.4, 1.0, 10.4, 5.8, 8.2, 13.5, 103.06,
52, Dejounte Murray, 67, 29, 38, 35, 115.2, 118.4, -3.3, 21.5, 2.2, 14.4, 8.0, 8.7, 25.8, 103.01,
52, Klay Thompson, 67, 33, 34, 30, 114.2, 116.8, -2.6, 11.8, 1.7, 10.6, 6.1, 7.8, 23.7, 102.81,
52, Jaden Ivey, 67, 12, 55, 29, 110.4, 117.9, -7.5, 18.3, 4.6, 8.9, 6.8, 12.3, 24.4, 102.79,
52, Bogdan Bogdanovic, 67, 30, 37, 30, 116.2, 114.5, 1.6, 15.9, 2.3, 10.2, 6.1, 7.0, 22.4, 102.26,
52, Aaron Holiday, 67, 34, 33, 16, 110.3, 107.7, 2.6, 22.2, 1.6, 8.6, 5.1, 8.6, 16.4, 101.97,
52, Jusuf Nurkic, 67, 42, 25, 27, 119.1, 110.7, 8.3, 23.3, 13.0, 31.4, 22.7, 14.2, 19.3, 101.58,
52, Aaron Wiggins, 67, 48, 19, 15, 116.1, 109.3, 6.8, 15.0, 6.0, 11.2, 8.8, 11.1, 15.8, 100.78,
52, Cameron Payne, 67, 38, 29, 16, 113.1, 114.3, -1.2, 25.7, 1.4, 8.1, 4.7, 8.3, 19.5, 100.21,
65, Tyus Jones, 66, 11, 55, 29, 109.5, 120.4, -10.9, 39.3, 1.1, 9.1, 5.0, 5.3, 16.3, 105.80,
65, Keldon Johnson, 66, 15, 51, 30, 107.3, 116.2, -8.9, 15.3, 5.0, 15.3, 10.0, 7.9, 21.9, 104.40,
65, Malaki Branham, 66, 13, 53, 21, 105.6, 117.4, -11.7, 18.5, 1.9, 8.7, 5.2, 9.8, 19.6, 104.11,
65, Damian Lillard, 66, 46, 20, 35, 119.1, 110.9, 8.3, 23.4, 1.6, 11.5, 6.7, 8.5, 28.0, 103.94,
65, Simone Fontecchio, 66, 29, 37, 25, 111.4, 112.9, -1.5, 13.5, 4.2, 12.0, 8.1, 9.1, 16.3, 103.93,
65, Tre Jones, 66, 14, 52, 27, 110.5, 112.8, -2.3, 38.8, 2.9, 10.9, 6.9, 9.2, 15.1, 103.32,
65, Giannis Antetokounmpo, 66, 43, 23, 35, 119.3, 112.5, 6.8, 19.2, 8.4, 26.6, 17.8, 10.3, 32.7, 103.15,
65, Isaiah Joe, 66, 46, 20, 18, 117.3, 108.9, 8.4, 13.4, 2.5, 11.2, 6.8, 7.1, 16.3, 103.11,
65, Norman Powell, 66, 41, 25, 26, 116.6, 112.6, 4.0, 8.2, 1.0, 10.1, 5.7, 7.0, 20.1, 101.46,
65, Jeff Green, 66, 33, 33, 17, 109.8, 111.0, -1.2, 12.4, 3.7, 10.6, 7.2, 9.5, 15.5, 101.25,
65, Derrick White, 66, 54, 12, 33, 121.9, 108.0, 13.9, 26.8, 2.4, 11.4, 7.1, 8.0, 19.0, 101.02,
65, Grant Williams, 66, 31, 35, 27, 110.2, 113.9, -3.7, 16.2, 4.4, 12.1, 8.1, 12.2, 15.6, 100.96,
65, Jayson Tatum, 66, 53, 13, 36, 121.3, 109.1, 12.2, 16.5, 2.8, 21.2, 12.4, 8.6, 30.4, 100.16,
65, Jarrett Allen, 66, 41, 25, 32, 114.9, 109.2, 5.7, 16.1, 11.7, 26.0, 19.0, 9.8, 19.4, 99.35,
65, Patrick Beverley, 66, 40, 26, 20, 110.3, 110.6, -0.2, 30.1, 3.5, 13.6, 8.5, 10.0, 14.7, 99.14,
65, Nikola Vucevic, 66, 32, 34, 35, 111.7, 114.0, -2.3, 15.2, 8.9, 26.0, 17.2, 7.4, 24.0, 98.67,
65, Mike Conley, 66, 47, 19, 29, 112.9, 106.1, 6.8, 37.1, 2.0, 9.0, 5.7, 7.1, 15.6, 98.30,
82, Deni Avdija, 65, 13, 52, 29, 109.3, 116.5, -7.2, 21.1, 4.3, 21.6, 12.9, 11.5, 20.0, 105.60,
82, D'Angelo Russell, 65, 38, 27, 32, 115.4, 113.1, 2.3, 27.0, 1.4, 8.5, 5.2, 8.5, 22.9, 103.79,
82, Devin Vassell, 65, 14, 51, 33, 106.6, 114.3, -7.7, 17.9, 1.4, 11.4, 6.4, 7.1, 23.3, 103.60,
82, Derrick Jones Jr., 65, 38, 27, 24, 114.3, 113.3, 1.0, 10.4, 5.1, 10.5, 7.9, 9.4, 14.9, 102.76,
82, John Collins, 65, 27, 38, 28, 113.2, 121.1, -7.9, 7.8, 9.0, 24.6, 16.7, 9.9, 20.0, 102.41,
82, Pat Connaughton, 65, 42, 23, 22, 116.4, 116.3, 0.1, 26.2, 3.4, 13.0, 8.2, 8.5, 10.6, 102.03,
82, Keegan Murray, 65, 38, 27, 33, 114.4, 113.2, 1.2, 10.6, 4.4, 14.5, 9.3, 5.7, 17.7, 101.68,
82, Grayson Allen, 65, 39, 26, 34, 118.3, 113.7, 4.7, 22.0, 2.2, 10.0, 6.3, 9.1, 14.2, 101.28,
82, Jabari Smith Jr., 65, 34, 31, 32, 110.8, 112.4, -1.6, 10.1, 6.6, 22.0, 14.3, 8.4, 17.6, 100.72,
82, Spencer Dinwiddie, 65, 30, 35, 29, 116.1, 114.8, 1.3, 31.2, 1.5, 8.6, 5.0, 7.2, 17.1, 100.59,
82, Herbert Jones, 65, 41, 24, 30, 116.5, 108.8, 7.7, 20.8, 4.0, 9.3, 6.8, 9.9, 14.3, 99.95,
82, Drew Eubanks, 65, 36, 29, 16, 108.4, 112.1, -3.7, 14.3, 10.2, 19.8, 15.3, 15.1, 13.8, 99.94,
82, Jevon Carter, 65, 32, 33, 14, 108.4, 108.6, -0.2, 17.8, 0.9, 6.0, 3.3, 7.8, 17.2, 99.51,
82, Kentavious Caldwell-Pope, 65, 47, 18, 32, 120.6, 110.1, 10.5, 20.2, 1.5, 6.7, 4.2, 8.4, 12.9, 99.15,
82, Aaron Gordon, 65, 45, 20, 32, 118.5, 110.7, 7.8, 20.7, 8.8, 14.3, 11.6, 8.8, 17.8, 98.86,
82, Jalen Brunson, 65, 41, 24, 35, 116.8, 112.3, 4.5, 20.2, 1.8, 9.8, 5.8, 7.7, 31.1, 98.63,
82, Rudy Gobert, 65, 46, 19, 34, 114.3, 104.8, 9.5, 9.5, 13.6, 28.4, 21.6, 11.9, 15.5, 97.96,
99, Stephen Curry, 64, 35, 29, 33, 116.2, 115.5, 0.6, 16.5, 1.8, 12.8, 7.4, 9.7, 31.2, 103.44,
99, Kevin Durant, 64, 37, 27, 37, 117.3, 112.4, 4.9, 17.3, 1.7, 17.4, 10.1, 10.8, 29.0, 102.03,
99, Keyonte George, 64, 25, 39, 26, 109.3, 118.5, -9.2, 23.9, 0.9, 11.0, 6.0, 12.2, 22.8, 102.01,
99, Kevin Huerter, 64, 37, 27, 24, 116.2, 114.5, 1.7, 20.8, 2.7, 13.8, 8.2, 6.6, 17.5, 101.90,
99, Jalen Suggs, 64, 38, 26, 27, 111.4, 109.6, 1.8, 17.6, 2.8, 11.3, 6.9, 12.5, 19.7, 101.30,
99, Matisse Thybulle, 64, 18, 46, 23, 106.9, 113.5, -6.6, 19.3, 2.3, 8.7, 5.3, 8.8, 10.8, 100.66,
99, Isaiah Hartenstein, 64, 40, 24, 25, 116.6, 109.5, 7.1, 25.1, 15.1, 22.7, 19.0, 13.0, 11.3, 99.54,
99, Kawhi Leonard, 64, 41, 23, 34, 117.8, 109.2, 8.6, 14.9, 4.2, 15.3, 10.1, 7.1, 26.6, 99.34,
99, Paul George, 64, 41, 23, 34, 119.9, 110.5, 9.5, 14.9, 1.7, 15.4, 9.0, 8.5, 26.8, 99.08,
99, Jaime Jaquez Jr., 64, 37, 27, 29, 111.8, 110.3, 1.5, 17.4, 4.5, 10.8, 7.7, 10.1, 18.7, 98.92,
109, Daniel Gafford, 63, 21, 42, 25, 112.1, 115.2, -3.1, 14.1, 11.9, 21.5, 16.7, 9.7, 14.6, 105.55,
109, Bilal Coulibaly, 63, 11, 52, 27, 106.5, 116.9, -10.3, 16.0, 3.4, 13.3, 8.2, 12.7, 14.3, 104.45,
109, Aaron Nesmith, 63, 35, 28, 28, 117.5, 114.7, 2.8, 12.4, 3.7, 11.6, 7.7, 7.5, 16.4, 103.69,
109, Victor Wembanyama, 63, 14, 49, 29, 107.1, 111.4, -4.3, 13.8, 8.4, 30.1, 19.3, 14.0, 31.8, 103.64,
109, Julian Champagnie, 63, 12, 51, 18, 110.8, 114.8, -4.0, 17.5, 3.3, 12.7, 7.9, 9.1, 14.1, 103.20,
109, Jalen Williams, 63, 44, 19, 32, 117.5, 109.1, 8.3, 20.7, 2.0, 11.5, 7.0, 8.0, 23.5, 103.19,
109, Saddiq Bey, 63, 28, 35, 33, 116.8, 118.3, -1.6, 9.9, 8.5, 13.3, 10.8, 5.8, 16.6, 103.18,
109, Ausar Thompson, 63, 10, 53, 25, 107.1, 112.5, -5.4, 16.3, 8.8, 19.7, 14.0, 11.4, 16.4, 102.23,
109, Jaylen Brown, 63, 49, 14, 33, 119.8, 109.7, 10.1, 14.0, 4.0, 13.5, 9.0, 8.9, 28.9, 101.47,
109, Gary Trent Jr., 63, 22, 41, 28, 112.0, 115.9, -3.9, 10.7, 1.4, 9.1, 5.2, 4.4, 19.4, 101.24,
109, Anthony Black, 63, 36, 27, 18, 106.4, 108.1, -1.7, 21.7, 3.4, 11.1, 7.2, 12.9, 12.5, 101.14,
109, Fred VanVleet, 63, 34, 29, 37, 112.9, 109.2, 3.7, 33.3, 1.2, 9.8, 5.5, 7.1, 19.4, 100.96,
109, Alperen Sengun, 63, 29, 34, 33, 112.0, 111.8, 0.2, 19.4, 9.6, 21.5, 15.5, 10.1, 27.3, 100.66,
109, Kevon Looney, 63, 34, 29, 17, 114.6, 116.4, -1.8, 31.1, 13.0, 24.9, 18.9, 11.3, 11.0, 100.54,
109, Brandon Ingram, 63, 38, 25, 33, 115.7, 111.1, 4.6, 21.8, 2.4, 14.7, 8.7, 9.7, 27.4, 99.77,
109, Brandon Miller, 63, 15, 48, 32, 106.7, 116.7, -10.1, 12.1, 2.8, 12.1, 7.3, 8.9, 23.6, 99.77,
109, Franz Wagner, 63, 39, 24, 33, 111.1, 107.2, 4.0, 16.7, 3.4, 15.9, 9.6, 8.8, 25.8, 99.75,
109, Duncan Robinson, 63, 35, 28, 29, 111.0, 110.1, 0.9, 19.4, 0.9, 9.4, 5.1, 9.3, 19.2, 98.66,
109, James Harden, 63, 40, 23, 35, 119.4, 112.8, 6.7, 34.3, 1.7, 14.6, 8.5, 10.5, 20.9, 98.60,
109, Terance Mann, 63, 40, 23, 26, 117.8, 115.2, 2.6, 18.0, 5.6, 9.2, 7.5, 6.4, 13.5, 97.77,
109, Precious Achiuwa, 63, 33, 30, 23, 110.9, 111.1, -0.1, 14.3, 12.4, 20.0, 16.1, 11.5, 16.4, 96.76,
130, Kris Dunn, 62, 25, 37, 19, 116.6, 116.7, -0.1, 39.0, 4.4, 11.8, 8.1, 12.2, 13.4, 103.61,
130, De'Aaron Fox, 62, 37, 25, 36, 115.7, 113.7, 2.1, 17.7, 2.9, 11.2, 6.9, 8.5, 30.9, 103.07,
130, Clint Capela, 62, 28, 34, 25, 114.0, 116.3, -2.3, 9.6, 18.2, 25.0, 21.4, 7.8, 17.0, 102.91,
130, Jaden Hardy, 62, 36, 26, 14, 110.9, 114.5, -3.6, 16.6, 2.0, 11.9, 6.7, 8.0, 24.3, 102.77,
130, LeBron James, 62, 34, 28, 35, 115.6, 112.9, 2.7, 25.4, 2.8, 18.8, 11.3, 10.4, 29.2, 102.68,
130, Marcus Sasser, 62, 10, 52, 17, 108.7, 116.5, -7.8, 28.7, 0.8, 10.4, 5.5, 10.4, 19.0, 102.47,
130, P.J. Washington, 62, 21, 41, 30, 111.3, 116.3, -5.0, 12.7, 4.2, 16.2, 10.0, 9.0, 19.0, 101.64,
130, Brandin Podziemski, 62, 31, 31, 27, 117.2, 111.4, 5.8, 27.6, 6.4, 16.2, 11.4, 9.1, 15.6, 101.31,
130, Immanuel Quickley, 62, 26, 36, 29, 112.4, 113.0, -0.7, 22.6, 0.9, 13.2, 7.0, 6.7, 23.4, 101.14,
130, Dario Saric, 62, 33, 29, 17, 112.1, 114.6, -2.5, 22.3, 7.2, 21.2, 14.1, 11.6, 19.3, 100.86,
130, Tobias Harris, 62, 36, 26, 34, 115.6, 112.0, 3.6, 16.3, 3.5, 17.1, 10.2, 7.0, 20.7, 100.35,
130, Tyrese Maxey, 62, 38, 24, 37, 116.4, 112.9, 3.5, 20.4, 1.6, 9.4, 5.5, 5.5, 27.9, 100.15,
130, Jabari Walker, 62, 16, 46, 22, 106.7, 116.5, -9.7, 9.6, 9.7, 25.0, 16.9, 9.8, 16.3, 99.89,
130, Alex Caruso, 62, 30, 32, 28, 111.1, 109.3, 1.8, 24.6, 3.5, 11.7, 7.6, 10.7, 15.2, 99.46,
130, Isaac Okoro, 62, 37, 25, 28, 112.2, 108.9, 3.3, 18.4, 4.0, 8.3, 6.2, 7.8, 14.2, 98.94,
145, T.J. McConnell, 61, 33, 28, 18, 117.1, 115.1, 2.0, 35.4, 3.5, 14.5, 9.0, 10.3, 22.9, 104.25,
145, Luka Doncic, 61, 38, 23, 37, 117.7, 113.7, 4.0, 23.6, 2.4, 24.0, 13.3, 9.5, 36.2, 102.74,
145, Andrew Wiggins, 61, 29, 32, 27, 114.2, 116.5, -2.3, 11.4, 6.7, 11.1, 8.9, 7.9, 20.3, 102.34,
145, David Roddy, 61, 22, 39, 19, 103.2, 113.1, -9.9, 13.7, 4.8, 15.3, 9.8, 10.0, 18.2, 101.84,
145, Dillon Brooks, 61, 31, 30, 31, 112.0, 111.0, 1.0, 11.7, 2.6, 9.5, 6.1, 8.7, 17.7, 101.59,
145, Jaren Jackson Jr., 61, 20, 41, 32, 105.2, 111.9, -6.7, 9.0, 4.0, 15.3, 9.4, 9.9, 30.6, 101.43,
145, Alec Burks, 61, 16, 45, 19, 108.0, 118.1, -10.1, 11.0, 2.2, 11.7, 6.8, 6.1, 24.6, 100.79,
145, Jrue Holiday, 61, 48, 13, 33, 120.4, 109.9, 10.5, 28.4, 4.2, 12.9, 8.8, 10.6, 16.4, 100.08,
145, Nic Claxton, 61, 21, 40, 30, 107.6, 113.7, -6.2, 16.1, 9.4, 27.1, 17.9, 9.3, 16.0, 99.22,
145, Dorian Finney-Smith, 61, 23, 38, 28, 110.5, 111.7, -1.2, 15.1, 6.1, 12.0, 8.9, 8.1, 13.6, 99.15,
145, Jaden McDaniels, 61, 41, 20, 29, 113.5, 108.3, 5.1, 11.4, 3.4, 8.5, 6.1, 10.5, 16.0, 98.23,
156, Scottie Barnes, 60, 22, 38, 35, 111.9, 114.6, -2.7, 23.0, 7.2, 19.0, 12.9, 10.4, 24.7, 101.98,
156, Jae'Sean Tate, 60, 29, 31, 17, 110.9, 105.5, 5.4, 18.8, 6.0, 14.5, 10.2, 9.7, 11.6, 101.76,
156, Zion Williamson, 60, 37, 23, 31, 114.3, 110.6, 3.7, 19.3, 6.5, 14.3, 10.5, 10.3, 28.8, 101.64,
156, Jaxson Hayes, 60, 34, 26, 12, 111.1, 114.4, -3.3, 11.0, 9.5, 15.9, 12.9, 13.6, 12.8, 101.36,
156, Jordan Hawkins, 60, 36, 24, 18, 113.4, 114.1, -0.7, 11.9, 2.7, 11.5, 7.0, 6.5, 19.7, 101.19,
156, Max Strus, 60, 39, 21, 32, 113.9, 106.6, 7.3, 23.1, 3.0, 12.8, 8.0, 9.2, 17.0, 100.81,
156, Davion Mitchell, 60, 36, 24, 14, 108.8, 114.0, -5.2, 27.1, 1.6, 7.7, 4.6, 9.6, 14.6, 99.72,
156, Karl-Anthony Towns, 60, 41, 19, 33, 115.1, 107.5, 7.6, 12.7, 5.7, 22.9, 14.8, 12.0, 27.5, 99.45,
156, Nick Richards, 60, 12, 48, 27, 104.6, 116.9, -12.2, 9.5, 11.2, 24.6, 17.8, 12.7, 13.2, 98.87,
156, Bam Adebayo, 60, 33, 27, 34, 108.9, 108.7, 0.2, 16.7, 7.4, 27.5, 17.3, 9.8, 25.4, 98.25,
166, Tyrese Haliburton, 59, 33, 26, 32, 119.2, 115.2, 4.0, 36.8, 1.9, 11.4, 6.7, 7.7, 24.8, 105.65,
166, Bennedict Mathurin, 59, 33, 26, 26, 114.0, 116.5, -2.5, 12.2, 4.3, 12.8, 8.5, 9.9, 23.2, 104.90,
166, Bruce Brown, 59, 25, 34, 28, 115.1, 118.0, -2.8, 20.8, 3.4, 14.5, 8.9, 8.9, 16.5, 104.65,
166, Cade Cunningham, 59, 8, 51, 34, 108.0, 117.2, -9.2, 24.1, 1.7, 12.9, 7.3, 11.0, 30.0, 102.09,
166, Walker Kessler, 59, 26, 33, 24, 110.3, 115.5, -5.3, 11.1, 12.6, 22.5, 17.7, 12.6, 13.0, 101.35,
166, Naji Marshall, 59, 39, 20, 19, 117.4, 107.2, 10.2, 21.5, 5.2, 16.1, 10.8, 10.8, 16.9, 100.68,
166, Caris LeVert, 59, 34, 25, 29, 114.0, 110.1, 3.9, 25.8, 2.3, 13.5, 7.9, 7.9, 23.1, 100.25,
166, Miles Bridges, 59, 14, 45, 38, 106.3, 118.0, -11.7, 13.6, 3.0, 19.9, 11.1, 8.4, 25.1, 99.52,
174, Zach Collins, 58, 12, 46, 23, 104.7, 117.7, -13.0, 19.3, 8.0, 17.5, 12.6, 13.5, 22.2, 103.45,
174, Russell Westbrook, 58, 38, 20, 23, 116.5, 112.5, 4.0, 25.6, 6.8, 17.9, 12.4, 11.8, 24.2, 102.94,
174, Andrew Nembhard, 58, 34, 24, 25, 114.2, 112.9, 1.2, 30.3, 2.5, 6.8, 4.7, 11.3, 16.9, 102.73,
174, Eric Gordon, 58, 35, 23, 29, 116.5, 112.0, 4.4, 16.6, 1.2, 6.2, 3.9, 8.6, 16.8, 101.66,
174, Amir Coffey, 58, 39, 19, 20, 115.9, 118.8, -2.9, 16.3, 2.1, 9.1, 5.6, 7.6, 11.8, 100.88,
174, Kelly Oubre Jr., 58, 32, 26, 30, 111.9, 114.2, -2.3, 8.5, 5.0, 12.8, 8.7, 7.1, 22.0, 100.45,
174, Malachi Flynn, 58, 26, 32, 11, 105.5, 113.0, -7.5, 25.5, 2.6, 12.4, 7.2, 11.5, 18.0, 100.21,
174, Santi Aldama, 58, 22, 36, 27, 104.2, 112.9, -8.7, 16.6, 4.7, 19.8, 11.9, 8.6, 18.7, 99.47,
174, Al Horford, 58, 46, 12, 27, 120.4, 108.5, 12.0, 26.6, 5.5, 20.2, 13.2, 7.4, 12.0, 99.43,
174, Ivica Zubac, 58, 35, 23, 26, 116.5, 110.6, 5.9, 12.4, 13.3, 25.3, 19.6, 11.0, 16.2, 98.22,
184, Max Christie, 57, 31, 26, 16, 111.3, 110.8, 0.5, 16.8, 1.7, 13.5, 8.1, 10.7, 13.4, 103.13,
184, Rui Hachimura, 57, 32, 25, 26, 115.8, 112.4, 3.4, 9.0, 3.4, 12.4, 8.2, 5.8, 18.7, 102.80,
184, Devin Booker, 57, 36, 21, 36, 118.9, 113.3, 5.6, 21.8, 2.8, 11.8, 7.6, 7.8, 29.8, 101.34,
184, Trayce Jackson-Davis, 57, 30, 27, 15, 115.2, 113.0, 2.2, 15.4, 12.6, 19.0, 15.8, 9.2, 16.7, 100.93,
184, Kenrich Williams, 57, 41, 16, 14, 118.6, 106.3, 12.3, 23.1, 6.8, 16.4, 11.7, 6.4, 13.0, 100.70,
184, Jaylin Williams, 57, 40, 17, 12, 115.9, 107.5, 8.5, 25.4, 4.7, 23.8, 14.4, 7.3, 13.3, 100.58,
184, Joe Ingles, 57, 37, 20, 17, 114.9, 110.3, 4.6, 39.3, 2.3, 13.0, 7.7, 12.6, 11.7, 100.03,
184, Duop Reath, 57, 15, 42, 18, 109.5, 116.9, -7.4, 10.5, 8.5, 15.3, 11.6, 8.9, 20.6, 99.65,
184, Miles McBride, 57, 35, 22, 17, 105.4, 109.1, -3.7, 17.6, 2.2, 5.6, 3.9, 4.8, 17.4, 95.42,
193, Cam Thomas, 56, 18, 38, 31, 110.1, 115.8, -5.8, 11.6, 1.5, 10.4, 5.8, 7.7, 30.1, 100.73,
193, Goga Bitadze, 56, 31, 25, 17, 109.2, 108.7, 0.5, 22.0, 12.8, 20.6, 16.6, 11.6, 12.8, 99.42,
195, Doug McDermott, 55, 16, 39, 15, 109.4, 119.8, -10.4, 18.5, 1.2, 6.2, 3.7, 7.9, 15.0, 104.31,
195, Onyeka Okongwu, 55, 23, 32, 26, 116.8, 118.5, -1.8, 13.8, 11.1, 19.0, 14.9, 8.4, 13.6, 104.10,
195, Dwight Powell, 55, 33, 22, 14, 117.1, 114.5, 2.6, 32.0, 12.3, 15.3, 13.8, 12.0, 9.2, 102.74,
195, Josh Okogie, 55, 34, 21, 17, 112.5, 110.8, 1.8, 18.4, 9.2, 9.1, 9.1, 9.9, 12.7, 101.47,
195, Daniel Theis, 55, 37, 18, 17, 116.7, 113.7, 3.0, 15.5, 9.6, 16.6, 13.2, 9.9, 15.2, 100.19,
195, CJ McCollum, 55, 37, 18, 32, 115.9, 111.2, 4.7, 20.4, 1.9, 12.7, 7.4, 7.4, 24.0, 99.87,
195, John Konchar, 55, 18, 37, 21, 105.0, 111.2, -6.1, 29.3, 6.5, 18.7, 12.3, 12.3, 9.8, 99.76,
195, Dennis Smith Jr., 55, 19, 36, 19, 109.8, 109.6, 0.2, 32.1, 5.3, 12.8, 8.9, 10.8, 17.9, 98.83,
195, Cameron Johnson, 55, 19, 36, 28, 111.3, 115.1, -3.8, 16.3, 3.6, 14.0, 8.6, 6.6, 19.6, 98.71,
195, Haywood Highsmith, 55, 32, 23, 19, 109.5, 111.3, -1.8, 15.8, 4.8, 11.1, 7.9, 7.7, 12.4, 98.25,
205, Jalen Duren, 54, 12, 42, 30, 107.9, 116.2, -8.3, 16.5, 12.1, 31.7, 21.9, 13.8, 18.0, 102.57,
205, Josh Green, 54, 31, 23, 27, 117.5, 117.8, -0.3, 22.3, 3.0, 10.6, 6.8, 10.2, 13.1, 102.22,
205, Moses Moody, 54, 28, 26, 17, 111.7, 111.1, 0.6, 8.7, 6.2, 12.2, 9.1, 8.0, 18.3, 102.02,
205, Jordan Clarkson, 54, 22, 32, 31, 112.5, 119.0, -6.5, 20.6, 3.3, 9.3, 6.2, 10.8, 26.3, 101.92,
205, Garrison Mathews, 54, 24, 30, 14, 111.1, 115.3, -4.2, 13.8, 2.1, 9.2, 5.6, 7.2, 10.4, 101.64,
205, KJ Martin, 54, 28, 26, 12, 110.6, 112.1, -1.5, 17.9, 5.3, 14.0, 9.5, 10.8, 13.1, 101.58,
205, Jerami Grant, 54, 17, 37, 34, 105.9, 115.1, -9.2, 12.1, 2.2, 10.1, 5.9, 9.2, 26.1, 100.15,
205, Dean Wade, 54, 36, 18, 21, 113.0, 102.2, 10.8, 14.0, 3.7, 17.8, 10.8, 6.5, 10.4, 100.07,
205, Terry Rozier, 54, 18, 36, 34, 109.2, 117.4, -8.2, 23.0, 2.0, 12.3, 6.9, 7.0, 26.0, 98.91,
205, Jamal Murray, 54, 40, 14, 32, 118.4, 111.8, 6.6, 24.8, 2.6, 11.5, 7.3, 7.9, 27.8, 98.33,
205, Caleb Martin, 54, 30, 24, 27, 111.7, 111.0, 0.7, 16.0, 5.0, 14.5, 9.7, 9.5, 17.5, 97.30,
205, Caleb Houstan, 54, 29, 25, 14, 109.1, 111.2, -2.1, 11.0, 3.8, 7.9, 5.8, 6.5, 12.8, 96.56,
217, Lauri Markkanen, 53, 22, 31, 33, 116.7, 117.0, -0.3, 9.2, 7.5, 20.1, 13.8, 6.4, 24.5, 103.00,
217, RJ Barrett, 53, 24, 29, 32, 113.5, 115.9, -2.4, 14.5, 3.0, 15.5, 9.2, 9.1, 25.7, 101.95,
217, Day'Ron Sharpe, 53, 20, 33, 16, 113.5, 108.5, 5.0, 17.7, 18.9, 27.0, 22.9, 12.8, 18.9, 99.97,
217, Zeke Nnaji, 53, 37, 16, 10, 101.6, 115.7, -14.1, 13.7, 12.0, 11.1, 11.6, 12.3, 15.9, 98.82,
217, Sam Merrill, 53, 33, 20, 18, 109.9, 110.0, -0.1, 20.2, 2.3, 10.3, 6.4, 3.7, 17.6, 98.12,
217, Keita Bates-Diop, 53, 29, 24, 13, 110.7, 114.0, -3.3, 16.0, 5.6, 13.5, 9.7, 6.3, 13.4, 97.72,
217, Luke Kornet, 53, 42, 11, 16, 118.4, 111.6, 6.8, 20.5, 13.7, 15.2, 14.5, 7.5, 11.1, 97.26,
224, Isaiah Jackson, 52, 31, 21, 13, 113.1, 112.6, 0.5, 13.8, 13.4, 22.1, 17.8, 10.6, 17.5, 105.17,
224, James Wiseman, 52, 7, 45, 16, 106.3, 119.0, -12.7, 12.2, 12.0, 23.5, 17.6, 13.8, 16.4, 103.54,
224, Scoot Henderson, 52, 16, 36, 27, 106.2, 118.3, -12.2, 22.6, 3.4, 9.8, 6.4, 14.1, 25.8, 101.23,
224, Vince Williams Jr., 52, 18, 34, 28, 106.3, 110.5, -4.2, 24.9, 4.4, 18.5, 11.2, 13.1, 15.8, 100.49,
224, Dyson Daniels, 52, 30, 22, 22, 117.3, 110.5, 6.7, 29.2, 5.0, 13.7, 9.4, 11.2, 12.6, 100.30,
224, Larry Nance Jr., 52, 31, 21, 19, 113.1, 107.2, 5.9, 25.3, 8.8, 20.9, 14.9, 11.9, 11.3, 100.04,
224, JT Thor, 52, 12, 40, 12, 107.6, 111.4, -3.8, 10.4, 6.2, 13.7, 9.8, 6.8, 11.5, 100.02,
224, Trendon Watford, 52, 19, 33, 11, 112.4, 113.5, -1.1, 17.2, 8.1, 17.6, 12.8, 10.6, 20.2, 98.99,
232, Trae Young, 51, 22, 29, 37, 116.0, 118.3, -2.3, 28.7, 1.2, 7.1, 4.1, 11.4, 30.0, 105.25,
232, Jalen Smith, 51, 29, 22, 18, 117.0, 118.5, -1.4, 11.7, 10.8, 24.9, 17.7, 8.2, 18.9, 103.89,
232, Jalen Johnson, 51, 25, 26, 34, 114.3, 115.5, -1.2, 18.6, 4.0, 23.4, 13.5, 9.1, 18.8, 103.81,
232, Amen Thompson, 51, 24, 27, 21, 111.3, 110.1, 1.2, 20.5, 9.6, 20.9, 15.1, 12.4, 18.0, 103.60,
232, Dereck Lively II, 51, 31, 20, 24, 120.3, 114.5, 5.8, 13.5, 12.3, 19.5, 16.0, 11.9, 12.9, 102.05,
232, Ziaire Williams, 51, 20, 31, 20, 101.1, 112.6, -11.6, 13.6, 3.5, 15.5, 9.3, 12.0, 19.7, 101.02,
232, Kris Murray, 51, 10, 41, 19, 107.1, 111.0, -3.9, 16.3, 5.8, 12.7, 9.1, 10.3, 13.8, 99.93,
232, Quentin Grimes, 51, 32, 19, 20, 106.9, 108.7, -1.8, 14.9, 1.6, 9.0, 5.2, 6.3, 15.9, 98.50,
232, Kyle Lowry, 51, 26, 25, 28, 109.5, 110.1, -0.5, 33.2, 2.3, 11.7, 6.8, 11.0, 13.3, 98.24,
241, Gradey Dick, 50, 16, 34, 19, 104.6, 117.3, -12.7, 14.4, 2.4, 9.4, 5.7, 8.9, 16.3, 102.77,
241, Blake Wesley, 50, 12, 38, 13, 106.2, 114.7, -8.4, 36.1, 2.3, 8.5, 5.3, 10.4, 14.5, 102.65,
241, Christian Wood, 50, 28, 22, 17, 110.5, 108.6, 1.8, 12.1, 5.5, 25.7, 16.4, 12.4, 17.9, 102.03,
241, Andre Jackson Jr., 50, 31, 19, 10, 115.6, 119.3, -3.7, 28.9, 9.2, 13.4, 11.3, 14.5, 9.9, 101.87,
241, Jakob Poeltl, 50, 21, 29, 26, 112.6, 113.0, -0.4, 20.2, 12.2, 23.9, 18.0, 12.2, 16.2, 101.52,
241, Lonnie Walker IV, 50, 20, 30, 18, 113.5, 111.4, 2.2, 11.2, 1.3, 12.2, 6.7, 8.2, 24.4, 101.16,
241, Jose Alvarado, 50, 34, 16, 18, 117.0, 104.2, 12.8, 22.3, 2.7, 11.2, 7.0, 8.2, 17.5, 100.27,
241, Chris Boucher, 50, 16, 34, 14, 115.3, 112.4, 2.9, 7.5, 9.6, 22.8, 16.1, 9.1, 17.2, 100.17,
241, Chris Duarte, 50, 30, 20, 13, 111.6, 113.6, -2.0, 15.9, 4.0, 12.8, 8.3, 8.3, 14.6, 99.74,
241, Bryce McGowens, 50, 9, 41, 16, 105.3, 116.1, -10.9, 15.5, 2.2, 11.2, 6.5, 8.8, 14.2, 99.25,
241, Jimmy Butler, 50, 26, 24, 34, 115.0, 109.7, 5.3, 20.4, 6.2, 11.9, 9.0, 7.3, 24.8, 98.21,
252, Kristaps Porzingis, 49, 38, 11, 30, 120.6, 107.9, 12.6, 10.0, 6.4, 17.5, 12.4, 8.1, 25.2, 102.15,
252, Trey Lyles, 49, 29, 20, 20, 116.8, 112.5, 4.4, 14.6, 5.8, 19.3, 12.7, 8.3, 14.1, 101.76,
252, Donovan Mitchell, 49, 33, 16, 35, 115.4, 106.2, 9.2, 19.1, 2.8, 13.4, 8.2, 9.1, 31.3, 100.88,
252, Nicolas Batum, 49, 28, 21, 25, 116.6, 111.0, 5.6, 29.8, 5.4, 12.9, 9.1, 9.3, 8.6, 99.92,
252, Jordan Goodwin, 49, 27, 22, 17, 104.7, 109.9, -5.2, 25.9, 7.3, 14.6, 11.0, 10.0, 18.2, 98.86,
252, Jonathan Isaac, 49, 31, 18, 15, 115.5, 100.8, 14.8, 6.9, 10.1, 23.6, 17.0, 7.5, 17.7, 98.21,
252, Vasilije Micic, 49, 30, 19, 18, 111.4, 109.7, 1.7, 32.4, 1.5, 6.8, 4.3, 13.2, 19.7, 98.17,
252, Mo Bamba, 49, 25, 24, 13, 106.2, 111.4, -5.2, 14.7, 10.2, 23.3, 16.4, 14.3, 15.1, 98.04,
260, Kyrie Irving, 48, 30, 18, 34, 117.6, 113.5, 4.2, 18.7, 2.5, 13.8, 8.2, 6.1, 28.3, 102.52,
260, Troy Brown Jr., 48, 28, 20, 12, 109.8, 112.3, -2.5, 19.1, 3.5, 16.0, 9.9, 9.4, 15.4, 101.86,
260, Dalen Terry, 48, 22, 26, 11, 115.2, 112.1, 3.1, 29.0, 4.7, 15.3, 9.9, 10.6, 13.1, 98.70,
263, Ben Sheppard, 47, 25, 22, 13, 118.9, 116.4, 2.4, 17.3, 1.8, 11.0, 6.2, 4.3, 12.9, 104.61,
263, Oshae Brissett, 47, 40, 7, 12, 118.7, 109.5, 9.2, 17.1, 9.8, 16.5, 13.2, 7.1, 13.4, 99.65,
263, Justin Holiday, 47, 31, 16, 14, 113.6, 111.4, 2.1, 25.1, 1.0, 8.5, 4.8, 4.7, 10.2, 99.43,
263, Kevin Love, 47, 26, 21, 18, 115.2, 109.3, 5.9, 21.3, 6.6, 33.8, 19.8, 7.7, 20.7, 99.38,
263, Deandre Ayton, 47, 12, 35, 32, 106.8, 113.8, -7.0, 9.7, 10.9, 28.2, 19.3, 11.0, 20.2, 99.16,
263, Darius Garland, 47, 26, 21, 33, 112.4, 110.4, 2.0, 24.3, 1.9, 6.6, 4.3, 11.9, 25.9, 98.48,
263, AJ Green, 47, 32, 15, 10, 117.2, 114.5, 2.7, 13.0, 2.0, 10.6, 6.5, 3.9, 16.9, 98.07,
270, MarJon Beauchamp, 46, 30, 16, 13, 113.9, 113.4, 0.5, 13.3, 4.3, 13.9, 9.2, 11.9, 14.2, 103.87,
270, Landry Shamet, 46, 6, 40, 16, 109.7, 119.4, -9.7, 14.3, 2.3, 7.3, 4.6, 7.9, 18.9, 103.37,
270, Khris Middleton, 46, 29, 17, 26, 119.6, 113.6, 6.0, 26.0, 2.9, 14.5, 9.0, 10.9, 23.6, 103.36,
270, De'Andre Hunter, 46, 21, 25, 29, 116.8, 117.8, -1.0, 8.9, 1.9, 12.2, 6.9, 8.5, 20.7, 102.26,
270, Isaiah Stewart, 46, 9, 37, 31, 109.4, 113.9, -4.5, 13.1, 5.9, 17.9, 11.9, 11.8, 14.6, 101.31,
270, Chris Paul, 46, 23, 23, 27, 114.0, 110.8, 3.2, 42.0, 1.6, 14.5, 8.0, 6.8, 15.5, 100.89,
270, Julius Randle, 46, 29, 17, 35, 116.8, 113.2, 3.6, 16.9, 6.9, 21.9, 14.5, 11.7, 29.1, 100.35,
270, Anfernee Simons, 46, 11, 35, 34, 108.4, 118.3, -9.9, 19.7, 1.5, 11.1, 6.0, 9.7, 28.3, 99.45,
270, Gary Harris, 46, 31, 15, 23, 112.3, 109.4, 2.9, 19.5, 2.3, 6.1, 4.2, 7.0, 12.4, 99.39,
270, Trey Murphy III, 46, 30, 16, 28, 115.7, 105.5, 10.2, 14.0, 2.7, 14.6, 8.9, 4.0, 19.5, 99.34,
270, Craig Porter Jr., 46, 28, 18, 13, 112.2, 114.4, -2.2, 27.9, 4.2, 15.7, 10.2, 11.1, 21.1, 96.88,
281, Draymond Green, 45, 25, 20, 27, 115.4, 111.1, 4.3, 37.2, 5.5, 22.6, 14.2, 14.9, 15.6, 104.10,
281, Marvin Bagley III, 45, 5, 40, 21, 109.3, 117.7, -8.4, 10.2, 13.7, 19.2, 16.3, 10.2, 20.8, 103.23,
281, Talen Horton-Tucker, 45, 12, 33, 20, 112.4, 116.7, -4.3, 24.8, 2.5, 11.1, 6.8, 8.7, 23.7, 101.34,
281, Danilo Gallinari, 45, 15, 30, 13, 111.0, 119.4, -8.5, 18.0, 3.5, 16.8, 10.0, 6.2, 17.7, 101.30,
281, Bojan Bogdanovic, 45, 12, 33, 28, 109.0, 120.5, -11.5, 10.9, 1.6, 10.6, 6.0, 11.0, 24.6, 100.74,
281, Jordan McLaughlin, 45, 28, 17, 10, 107.9, 100.7, 7.3, 38.7, 3.2, 10.5, 6.8, 6.9, 12.7, 100.30,
281, Xavier Tillman, 45, 24, 21, 19, 106.3, 108.5, -2.1, 18.4, 7.9, 17.0, 12.2, 8.8, 14.8, 99.98,
281, Keon Ellis, 45, 28, 17, 15, 118.3, 109.8, 8.5, 25.7, 3.4, 9.6, 6.5, 9.5, 11.9, 99.72,
289, Jock Landale, 44, 22, 22, 11, 113.4, 103.2, 10.2, 20.5, 14.2, 11.0, 12.6, 9.5, 13.9, 103.11,
289, Shake Milton, 44, 29, 15, 13, 105.7, 110.5, -4.7, 18.9, 2.7, 10.5, 6.6, 10.5, 18.3, 102.66,
289, Dante Exum, 44, 27, 17, 19, 121.1, 112.4, 8.7, 28.0, 2.8, 12.1, 7.6, 8.8, 16.3, 102.49,
289, Mike Muscala, 44, 12, 32, 12, 108.3, 115.6, -7.3, 16.5, 6.5, 15.9, 11.1, 8.7, 14.0, 101.98,
289, Seth Curry, 44, 25, 19, 14, 110.3, 107.4, 2.9, 15.6, 3.2, 8.9, 6.1, 7.4, 16.7, 100.96,
289, OG Anunoby, 44, 26, 18, 34, 116.0, 106.4, 9.6, 13.8, 3.2, 10.5, 6.9, 9.8, 17.6, 100.27,
289, Kessler Edwards, 44, 27, 17, 5, 104.7, 103.5, 1.2, 13.8, 3.3, 15.3, 9.0, 2.5, 13.9, 99.71,
289, Jaden Springer, 44, 29, 15, 10, 110.2, 114.0, -3.9, 18.2, 7.9, 9.2, 8.5, 13.6, 17.7, 99.19,
289, Dalano Banton, 44, 22, 22, 16, 107.5, 115.7, -8.1, 16.0, 5.3, 13.9, 9.5, 10.3, 23.5, 98.80,
289, Wendell Carter Jr., 44, 25, 19, 26, 110.5, 108.3, 2.2, 14.5, 9.2, 22.6, 15.9, 10.8, 17.6, 98.27,
289, Nick Smith Jr., 44, 8, 36, 15, 100.5, 116.1, -15.5, 15.5, 2.8, 7.9, 5.2, 10.4, 19.9, 97.81,
300, Ish Smith, 43, 6, 37, 17, 101.8, 118.6, -16.8, 41.2, 1.5, 10.9, 5.7, 13.4, 12.2, 100.76,
300, Josh Richardson, 43, 24, 19, 26, 108.4, 112.4, -4.0, 20.5, 1.9, 10.8, 6.3, 7.0, 16.5, 99.30,
300, Patrick Williams, 43, 19, 24, 27, 114.1, 113.9, 0.1, 12.9, 4.3, 11.8, 7.9, 11.2, 16.6, 98.33,
303, Jordan Nwora, 42, 13, 29, 12, 106.4, 115.9, -9.6, 13.2, 3.9, 17.5, 10.7, 11.0, 22.5, 104.59,
303, Cam Reddish, 42, 24, 18, 22, 111.1, 111.3, -0.1, 14.4, 2.8, 8.2, 5.6, 9.5, 12.8, 103.61,
303, Killian Hayes, 42, 7, 35, 24, 106.4, 116.8, -10.4, 36.5, 1.2, 12.2, 6.6, 9.1, 15.2, 102.88,
303, Bradley Beal, 42, 26, 16, 33, 116.7, 113.5, 3.2, 22.2, 3.3, 10.8, 7.2, 11.1, 23.6, 100.92,
303, Torrey Craig, 42, 17, 25, 21, 109.7, 118.7, -9.0, 16.2, 7.5, 16.2, 11.6, 8.9, 12.7, 97.81,
303, Chuma Okeke, 42, 21, 21, 10, 102.2, 107.7, -5.5, 13.4, 4.5, 16.7, 10.3, 9.8, 13.3, 96.17,
309, JaVale McGee, 41, 25, 16, 8, 110.1, 111.8, -1.7, 8.0, 13.4, 26.0, 19.7, 17.0, 22.2, 103.56,
309, Gordon Hayward, 41, 19, 22, 26, 111.7, 117.7, -6.1, 24.2, 3.5, 13.4, 8.3, 9.9, 18.3, 101.38,
309, Julian Strawther, 41, 28, 13, 12, 105.6, 117.6, -12.0, 15.6, 0.8, 10.4, 5.5, 6.3, 19.5, 101.05,
309, Jalen McDaniels, 41, 10, 31, 10, 102.6, 112.5, -9.9, 12.8, 3.5, 13.0, 8.1, 11.3, 18.6, 100.91,
309, Delon Wright, 41, 11, 30, 15, 108.2, 112.6, -4.3, 34.5, 2.8, 10.8, 6.7, 4.1, 13.4, 100.62,
309, Marcus Morris Sr., 41, 23, 18, 18, 110.1, 113.2, -3.2, 10.3, 2.8, 16.9, 9.6, 7.8, 16.7, 99.00,
309, Tristan Thompson, 41, 25, 16, 12, 115.5, 111.4, 4.1, 23.0, 15.8, 19.8, 17.9, 13.5, 13.2, 98.27,
309, Jericho Sims, 41, 26, 15, 13, 107.9, 110.9, -3.0, 23.6, 10.8, 17.6, 14.2, 15.7, 6.4, 93.96,
317, Johnny Davis, 40, 6, 34, 11, 103.5, 113.1, -9.6, 12.5, 3.6, 10.2, 6.7, 5.2, 12.7, 105.68,
317, Anthony Gill, 40, 7, 33, 6, 117.9, 108.2, 9.7, 16.0, 9.9, 14.8, 12.4, 14.5, 17.9, 104.40,
317, Cody Zeller, 40, 24, 16, 8, 116.2, 107.5, 8.7, 28.2, 14.9, 21.7, 18.1, 11.7, 12.2, 103.66,
317, Desmond Bane, 40, 14, 26, 34, 106.2, 113.1, -6.9, 18.7, 2.7, 11.7, 7.1, 9.3, 28.3, 102.35,
317, Jae Crowder, 40, 23, 17, 24, 114.2, 115.2, -0.9, 18.8, 2.5, 13.3, 7.7, 6.0, 11.2, 102.07,
317, Chimezie Metu, 40, 22, 18, 13, 110.0, 113.5, -3.5, 10.9, 6.6, 20.9, 14.2, 14.3, 17.3, 100.12,
317, Julian Phillips, 40, 20, 20, 8, 113.2, 113.8, -0.6, 12.0, 3.8, 8.7, 6.1, 9.2, 12.6, 99.51,
324, Nassir Little, 39, 24, 15, 11, 105.8, 110.7, -4.9, 13.0, 3.5, 13.8, 8.8, 8.5, 13.2, 101.25,
324, Evan Mobley, 39, 24, 15, 31, 109.7, 107.6, 2.1, 17.1, 8.6, 25.6, 17.4, 11.0, 20.6, 100.63,
324, Malcolm Brogdon, 39, 15, 24, 29, 109.7, 113.1, -3.4, 26.1, 2.7, 12.3, 7.4, 7.3, 23.2, 100.57,
327, Sandro Mamukelashvili, 38, 8, 30, 6, 109.6, 107.2, 2.3, 24.3, 11.2, 19.6, 15.2, 6.8, 16.9, 104.42,
327, Cam Whitmore, 38, 16, 22, 18, 107.8, 111.1, -3.3, 3.9, 4.8, 17.8, 11.1, 7.8, 26.3, 104.20,
327, Richaun Holmes, 38, 12, 26, 14, 109.0, 115.4, -6.4, 11.5, 12.8, 22.0, 17.1, 10.5, 14.4, 102.67,
327, Omer Yurtseven, 38, 15, 23, 10, 104.7, 116.5, -11.8, 11.0, 13.6, 28.6, 20.7, 15.9, 16.8, 100.84,
331, GG Jackson, 37, 11, 26, 24, 102.4, 109.6, -7.2, 7.0, 5.3, 12.3, 8.7, 8.7, 23.8, 100.17,
331, Kobe Brown, 37, 25, 12, 8, 112.9, 119.0, -6.1, 18.9, 3.7, 14.6, 9.0, 7.8, 10.6, 98.92,
331, Jacob Gilyard, 37, 10, 27, 18, 104.4, 117.8, -13.3, 43.0, 1.3, 6.6, 3.7, 9.5, 11.7, 98.58,
334, Eugene Omoruyi, 36, 4, 32, 8, 97.3, 114.3, -17.0, 14.8, 10.3, 17.9, 13.8, 9.9, 22.3, 107.11,
334, De'Anthony Melton, 36, 23, 13, 28, 119.8, 111.2, 8.6, 20.7, 3.0, 12.3, 7.6, 7.3, 17.8, 102.43,
334, Alex Len, 36, 19, 17, 9, 118.5, 103.2, 15.4, 24.6, 12.0, 20.4, 16.2, 15.4, 12.8, 101.45,
334, Bismack Biyombo, 36, 17, 19, 21, 108.4, 112.9, -4.4, 22.1, 8.9, 20.1, 14.5, 17.5, 10.6, 101.18,
334, Mason Plumlee, 36, 22, 14, 15, 117.1, 116.2, 0.9, 18.6, 10.9, 28.0, 19.9, 12.3, 14.8, 100.69,
334, Luke Kennard, 36, 13, 23, 25, 106.3, 115.5, -9.1, 25.3, 1.4, 11.8, 6.5, 9.6, 17.1, 100.00,
334, Tyler Herro, 36, 19, 17, 34, 111.2, 111.3, -0.2, 17.2, 1.6, 15.8, 8.6, 8.4, 27.5, 99.92,
341, Gary Payton II, 35, 19, 16, 15, 115.1, 109.7, 5.4, 19.3, 8.4, 11.8, 10.0, 10.4, 13.1, 104.62,
341, Furkan Korkmaz, 35, 22, 13, 9, 116.3, 111.4, 4.9, 20.9, 1.4, 9.8, 5.5, 8.3, 13.1, 103.77,
341, Sasha Vezenkov, 35, 18, 17, 13, 112.8, 113.0, -0.2, 7.6, 7.5, 14.7, 11.0, 5.6, 17.5, 103.01,
341, Nikola Jovic, 35, 17, 18, 18, 114.5, 105.7, 8.8, 21.0, 3.4, 20.4, 12.0, 11.7, 16.6, 99.12,
345, Luka Samanic, 34, 13, 21, 7, 109.8, 109.3, 0.5, 6.9, 5.4, 20.5, 13.4, 11.5, 20.8, 105.80,
345, Joel Embiid, 34, 26, 8, 34, 118.8, 109.2, 9.7, 15.4, 8.8, 27.0, 18.2, 10.1, 39.2, 102.36,
345, Olivier-Maxence Prosper, 34, 20, 14, 8, 106.8, 115.3, -8.5, 16.8, 6.4, 18.0, 11.8, 4.4, 14.9, 102.33,
345, Danuel House Jr., 34, 21, 13, 15, 109.8, 108.5, 1.3, 16.3, 3.3, 9.0, 6.1, 11.0, 12.0, 101.43,
345, Yuta Watanabe, 34, 18, 16, 14, 106.8, 115.2, -8.5, 9.5, 2.7, 9.8, 6.4, 12.1, 13.3, 100.06,
345, Skylar Mays, 34, 12, 22, 13, 102.5, 117.0, -14.6, 31.2, 2.4, 9.8, 5.7, 7.4, 18.6, 99.19,
345, Thomas Bryant, 34, 19, 15, 11, 112.0, 113.8, -1.8, 12.3, 9.4, 25.5, 17.3, 9.4, 17.8, 98.17,
352, A.J. Lawson, 33, 20, 13, 7, 114.7, 108.8, 5.9, 11.0, 4.6, 9.6, 7.0, 7.9, 18.5, 105.59,
352, Maxi Kleber, 33, 19, 14, 21, 116.8, 112.6, 4.2, 26.3, 3.3, 14.4, 9.1, 10.0, 9.8, 101.96,
352, Bol Bol, 33, 22, 11, 11, 113.1, 107.7, 5.4, 8.5, 8.6, 21.3, 15.6, 9.1, 17.2, 100.82,
352, Markelle Fultz, 33, 20, 13, 22, 110.1, 105.5, 4.6, 24.9, 7.0, 10.8, 8.9, 9.6, 18.3, 99.65,
352, Bruno Fernando, 33, 15, 18, 13, 109.5, 110.4, -1.0, 12.1, 12.2, 23.8, 18.2, 13.6, 17.9, 98.78,
357, Shaedon Sharpe, 32, 8, 24, 33, 103.6, 114.0, -10.3, 14.4, 4.2, 13.5, 8.5, 11.0, 22.4, 101.61,
357, Jeremiah Robinson-Earl, 32, 18, 14, 10, 108.7, 110.9, -2.2, 16.2, 7.4, 15.7, 11.6, 9.7, 14.4, 100.72,
357, Reggie Bullock Jr., 32, 18, 14, 10, 108.6, 112.6, -4.0, 13.7, 1.7, 17.4, 9.5, 9.1, 10.4, 100.32,
357, Davis Bertans, 32, 17, 15, 14, 105.0, 111.2, -6.2, 13.0, 1.7, 9.3, 5.4, 5.0, 17.4, 99.82,
357, Jalen Wilson, 32, 8, 24, 14, 112.8, 116.3, -3.5, 19.5, 8.6, 14.3, 11.2, 7.8, 14.0, 97.91,
357, Svi Mykhailiuk, 32, 26, 6, 9, 117.8, 106.2, 11.6, 15.1, 3.1, 10.1, 6.7, 7.1, 16.2, 97.69,
357, Trent Forrest, 32, 15, 17, 11, 107.0, 115.5, -8.4, 45.4, 2.4, 11.4, 6.6, 8.6, 12.1, 97.38,
357, Damian Jones, 32, 21, 11, 8, 99.6, 112.4, -12.8, 14.5, 8.6, 19.4, 13.9, 13.4, 15.8, 94.54,
365, Kevin Knox II, 31, 4, 27, 18, 109.1, 115.8, -6.7, 9.6, 3.4, 12.6, 7.6, 9.1, 16.2, 103.92,
365, Dominick Barlow, 31, 5, 26, 13, 113.8, 117.3, -3.5, 20.9, 11.4, 18.7, 14.8, 4.1, 14.5, 101.33,
365, Lester Quinones, 31, 18, 13, 12, 109.9, 109.9, 0.0, 17.2, 5.8, 14.6, 10.1, 8.9, 16.8, 101.02,
365, Ousmane Dieng, 31, 19, 12, 11, 109.6, 108.5, 1.1, 20.5, 3.2, 12.7, 8.0, 10.6, 16.4, 100.53,
365, Bones Hyland, 31, 18, 13, 14, 107.9, 112.8, -4.9, 23.1, 1.0, 7.8, 4.4, 12.7, 23.9, 99.17,
365, Lindy Waters III, 31, 21, 10, 6, 103.9, 109.9, -6.0, 17.5, 2.1, 14.1, 8.1, 6.6, 16.7, 99.07,
365, Lamar Stevens, 31, 19, 12, 12, 101.9, 101.6, 0.3, 7.5, 7.3, 16.4, 12.0, 10.7, 22.7, 98.95,
365, DeAndre Jordan, 31, 21, 10, 12, 105.9, 114.9, -9.0, 15.2, 14.8, 27.3, 21.0, 13.9, 15.6, 97.84,
365, Orlando Robinson, 31, 17, 14, 10, 113.5, 110.3, 3.2, 25.4, 11.3, 22.0, 16.8, 12.7, 14.9, 97.63,
374, Wesley Matthews, 30, 8, 22, 11, 107.5, 115.1, -7.6, 16.7, 1.2, 12.7, 6.6, 5.6, 11.5, 103.30,
375, Jarred Vanderbilt, 29, 14, 15, 20, 113.6, 109.0, 4.7, 18.6, 8.3, 18.8, 13.7, 14.4, 11.5, 104.08,
375, Taylor Hendricks, 29, 11, 18, 19, 108.7, 116.1, -7.4, 7.8, 6.7, 17.8, 12.4, 9.7, 14.1, 103.22,
375, Jared Butler, 29, 4, 25, 11, 108.7, 113.9, -5.3, 30.8, 1.4, 8.6, 4.9, 13.1, 20.6, 101.95,
375, Thanasis Antetokounmpo, 29, 19, 10, 5, 103.9, 112.5, -8.6, 26.5, 6.1, 4.8, 5.4, 22.7, 13.0, 99.29,
375, Robert Covington, 29, 20, 9, 17, 114.7, 103.5, 11.1, 16.6, 7.3, 14.3, 11.0, 7.6, 10.7, 99.29,
375, Tre Mann, 29, 17, 12, 21, 103.3, 109.7, -6.4, 28.4, 2.8, 16.3, 9.7, 9.5, 18.5, 97.04,
381, Patrick Baldwin Jr., 28, 5, 23, 10, 103.7, 104.1, -0.5, 14.0, 4.3, 22.8, 13.3, 9.3, 16.5, 105.40,
381, Rayan Rupert, 28, 5, 23, 10, 106.2, 114.4, -8.2, 23.3, 5.1, 14.3, 9.2, 11.7, 14.5, 100.62,
381, Patty Mills, 28, 13, 15, 13, 109.1, 109.5, -0.4, 19.7, 2.5, 8.1, 5.1, 8.9, 15.4, 100.02,
381, Thaddeus Young, 28, 8, 20, 14, 116.4, 119.1, -2.8, 31.0, 11.2, 14.9, 13.0, 7.6, 13.2, 99.40,
381, Cody Martin, 28, 7, 21, 27, 105.6, 115.5, -9.9, 27.5, 2.7, 13.8, 8.0, 11.7, 16.1, 99.09,
381, Terry Taylor, 28, 11, 17, 6, 110.9, 107.0, 3.9, 16.6, 9.4, 11.9, 10.7, 12.9, 11.5, 98.03,
387, Jarace Walker, 27, 13, 14, 10, 117.1, 115.6, 1.5, 19.9, 4.5, 17.5, 10.8, 9.2, 17.0, 104.24,
388, Jontay Porter, 26, 6, 20, 14, 107.6, 114.6, -7.0, 31.1, 7.8, 18.1, 12.8, 10.9, 15.8, 103.28,
388, Cory Joseph, 26, 10, 16, 11, 115.4, 117.2, -1.8, 34.7, 2.1, 9.4, 5.6, 9.9, 11.2, 101.66,
388, Jake LaRavia, 26, 5, 21, 20, 99.6, 107.9, -8.3, 12.3, 7.8, 11.2, 9.4, 7.6, 19.8, 100.57,
388, Brandon Boston Jr., 26, 15, 11, 9, 107.5, 121.8, -14.3, 5.6, 5.2, 9.7, 7.4, 8.8, 23.1, 98.46,
388, Neemias Queta, 26, 22, 4, 11, 128.8, 111.4, 17.4, 11.9, 17.1, 21.4, 19.3, 8.5, 14.9, 96.58,
393, Maxwell Lewis, 25, 12, 13, 3, 78.6, 112.6, -34.0, 20.0, 1.3, 2.4, 1.9, 28.0, 10.7, 99.98,
393, Nathan Mensah, 25, 3, 22, 12, 94.2, 115.9, -21.8, 16.0, 9.8, 14.5, 11.9, 24.9, 6.8, 99.52,
393, Zach LaVine, 25, 10, 15, 35, 109.0, 113.8, -4.8, 17.2, 1.0, 15.3, 8.1, 9.1, 24.4, 98.94,
393, Justin Minaya, 25, 2, 23, 8, 99.7, 107.1, -7.4, 15.9, 6.6, 9.1, 7.7, 10.6, 10.1, 97.20,
397, Josh Minott, 24, 18, 6, 3, 105.3, 104.1, 1.2, 10.2, 4.5, 17.9, 10.6, 5.1, 21.3, 107.09,
397, Stanley Umude, 24, 4, 20, 13, 104.0, 113.9, -9.8, 8.9, 3.0, 14.9, 9.2, 11.4, 15.7, 103.75,
397, Ricky Council IV, 24, 9, 15, 9, 108.8, 113.7, -4.9, 6.9, 5.8, 14.3, 9.8, 3.1, 23.2, 103.50,
397, Derrick Rose, 24, 6, 18, 17, 103.6, 106.3, -2.7, 27.3, 1.9, 10.3, 6.0, 10.8, 22.7, 102.30,
401, Isaiah Livers, 23, 1, 22, 20, 106.1, 124.1, -17.9, 15.2, 3.4, 8.4, 5.8, 9.7, 12.6, 104.09,
401, Kira Lewis Jr., 23, 10, 13, 9, 102.9, 109.1, -6.2, 26.0, 3.5, 7.0, 5.3, 8.7, 18.5, 100.98,
401, P.J. Tucker, 23, 9, 14, 16, 110.9, 110.6, 0.3, 20.9, 7.0, 13.6, 10.4, 12.2, 5.4, 98.04,
404, Matt Ryan, 22, 12, 10, 17, 110.2, 107.7, 2.5, 11.3, 1.7, 9.3, 5.6, 12.0, 15.2, 103.87,
404, LaMelo Ball, 22, 7, 15, 32, 111.3, 119.5, -8.1, 24.2, 4.2, 14.0, 8.8, 11.4, 32.4, 103.56,
404, Evan Fournier, 22, 6, 16, 17, 98.6, 109.2, -10.7, 16.6, 1.1, 10.8, 5.9, 7.8, 19.6, 103.16,
404, Tari Eason, 22, 12, 10, 22, 111.8, 101.6, 10.2, 10.8, 10.4, 23.2, 16.9, 8.0, 19.4, 102.54,
404, Monte Morris, 22, 14, 8, 15, 111.3, 106.6, 4.7, 29.7, 1.6, 10.0, 5.6, 2.9, 16.7, 99.95,
404, Leaky Black, 22, 1, 21, 10, 104.6, 115.7, -11.1, 26.4, 3.9, 15.4, 9.5, 7.3, 10.1, 98.37,
410, Harry Giles III, 21, 9, 12, 4, 111.2, 124.6, -13.4, 9.3, 12.2, 19.3, 15.5, 9.3, 24.5, 101.61,
410, Brice Sensabaugh, 21, 6, 15, 16, 111.7, 123.1, -11.4, 16.6, 3.0, 17.4, 10.1, 15.0, 19.9, 101.35,
410, Jalen Hood-Schifino, 21, 10, 11, 5, 91.4, 114.9, -23.5, 11.3, 2.0, 10.7, 6.3, 12.7, 25.1, 100.76,
410, Saben Lee, 21, 12, 9, 9, 109.8, 102.9, 6.9, 27.7, 6.0, 12.9, 9.7, 7.4, 19.5, 99.33,
410, Mitchell Robinson, 21, 12, 9, 29, 114.5, 114.1, 0.4, 10.0, 19.5, 19.6, 19.6, 13.9, 9.4, 97.95,
410, Jalen Pickett, 21, 15, 6, 5, 105.5, 111.5, -6.0, 27.4, 1.1, 9.8, 5.8, 14.6, 17.2, 94.36,
416, Marcus Smart, 20, 7, 13, 30, 106.8, 106.6, 0.2, 21.0, 1.1, 8.3, 4.7, 15.1, 22.8, 104.71,
416, Markieff Morris, 20, 11, 9, 8, 104.9, 116.5, -11.6, 14.7, 2.6, 16.9, 9.7, 13.4, 16.2, 102.87,
416, Collin Gillespie, 20, 13, 7, 9, 113.3, 110.0, 3.3, 19.2, 0.6, 8.2, 4.4, 13.6, 17.4, 98.87,
416, Admiral Schofield, 20, 13, 7, 4, 96.0, 96.5, -0.5, 15.7, 3.1, 18.0, 10.4, 12.5, 17.6, 98.04,
416, Colby Jones, 20, 10, 10, 7, 109.2, 108.9, 0.3, 17.1, 8.0, 13.8, 10.7, 8.5, 18.4, 95.63,
416, Ryan Arcidiacono, 20, 15, 5, 2, 88.2, 84.3, 3.9, 33.3, 0.0, 14.5, 8.5, 16.7, 8.3, 94.91,
422, Charles Bassey, 19, 3, 16, 11, 105.9, 117.1, -11.2, 26.7, 11.8, 30.6, 20.7, 19.1, 11.5, 105.11,
422, Ibou Badji, 19, 5, 14, 11, 93.9, 112.5, -18.5, 25.8, 10.1, 17.3, 13.5, 27.8, 7.9, 101.47,
422, Mark Williams, 19, 7, 12, 27, 114.7, 114.0, 0.7, 10.1, 15.5, 23.5, 19.4, 7.8, 16.3, 101.25,
422, Jamal Cain, 19, 9, 10, 13, 106.5, 111.1, -4.6, 7.1, 7.0, 10.1, 8.5, 7.1, 16.7, 98.74,
426, AJ Griffin, 18, 8, 10, 7, 111.5, 120.0, -8.6, 7.2, 1.7, 11.2, 6.2, 10.7, 16.5, 106.71,
426, Luka Garza, 18, 13, 5, 5, 105.2, 116.0, -10.8, 4.2, 12.5, 13.6, 13.0, 7.0, 28.3, 104.17,
426, Gui Santos, 18, 12, 6, 8, 111.6, 107.2, 4.5, 17.0, 10.5, 18.5, 14.7, 10.8, 14.3, 102.46,
426, Garrett Temple, 18, 4, 14, 5, 104.7, 108.2, -3.5, 23.0, 5.7, 14.1, 10.0, 11.5, 14.4, 101.94,
430, Wendell Moore Jr., 17, 13, 4, 3, 95.7, 115.4, -19.7, 13.3, 0.0, 13.6, 6.6, 20.0, 10.5, 110.26,
430, Kenneth Lofton Jr., 17, 5, 12, 6, 103.4, 108.8, -5.4, 19.6, 1.8, 17.8, 9.0, 11.2, 22.1, 104.91,
430, Theo Maledon, 17, 5, 12, 13, 108.7, 121.7, -13.0, 22.8, 1.9, 10.9, 6.0, 14.7, 18.0, 103.86,
430, Jerome Robinson, 17, 12, 5, 4, 113.1, 96.5, 16.6, 14.1, 1.5, 6.6, 4.0, 2.8, 19.1, 102.17,
430, Taj Gibson, 17, 7, 10, 10, 104.6, 112.0, -7.4, 22.6, 6.5, 13.1, 9.8, 12.5, 7.9, 99.65,
430, Moses Brown, 17, 4, 13, 9, 102.3, 120.2, -17.9, 9.2, 20.0, 29.2, 24.4, 10.8, 16.5, 99.35,
430, Chris Livingston, 17, 11, 6, 4, 117.0, 119.9, -2.8, 17.9, 3.8, 21.3, 13.2, 14.3, 14.6, 99.26,
430, Braxton Key, 17, 12, 5, 3, 101.8, 108.2, -6.4, 28.9, 6.5, 22.4, 14.7, 3.6, 16.6, 98.39,
430, Aleksej Pokusevski, 17, 10, 7, 11, 101.5, 119.7, -18.2, 23.0, 5.2, 16.1, 10.6, 11.5, 15.4, 98.29,
430, Trey Jemison, 17, 3, 14, 19, 104.6, 112.1, -7.5, 12.5, 12.6, 13.5, 13.1, 16.7, 13.8, 98.27,
440, Nate Williams, 16, 8, 8, 6, 117.9, 108.8, 9.1, 12.7, 10.4, 6.3, 8.4, 4.2, 17.7, 102.50,
440, Joe Harris, 16, 4, 12, 11, 107.4, 120.8, -13.4, 18.6, 2.0, 6.6, 4.3, 7.4, 10.9, 102.24,
440, Robin Lopez, 16, 10, 6, 4, 101.8, 114.0, -12.2, 15.5, 4.8, 3.8, 4.3, 7.7, 14.8, 101.95,
443, Devonte' Graham, 15, 4, 11, 8, 118.6, 100.8, 17.8, 30.0, 1.6, 17.6, 8.8, 5.7, 16.3, 105.08,
443, Otto Porter Jr., 15, 6, 9, 12, 110.3, 109.2, 1.2, 18.1, 3.8, 14.6, 9.2, 4.5, 8.6, 103.25,
443, Ben Simmons, 15, 7, 8, 24, 109.9, 112.5, -2.6, 44.4, 8.7, 26.8, 17.3, 13.9, 12.8, 102.32,
443, Onuralp Bitim, 15, 7, 8, 14, 109.7, 115.1, -5.4, 13.8, 3.0, 11.6, 7.2, 7.5, 13.9, 98.48,
447, Udoka Azubuike, 14, 10, 4, 8, 111.8, 119.3, -7.6, 8.9, 11.2, 22.8, 16.8, 11.8, 12.3, 103.19,
447, Jett Howard, 14, 7, 7, 4, 100.3, 103.3, -2.9, 10.1, 2.3, 7.8, 5.3, 6.7, 22.2, 102.07,
447, Jay Huff, 14, 11, 3, 3, 90.5, 111.3, -20.8, 6.7, 3.2, 27.3, 15.6, 6.7, 18.0, 98.82,
447, Olivier Sarr, 14, 7, 7, 7, 112.7, 107.3, 5.3, 6.5, 13.2, 25.8, 20.2, 9.8, 13.3, 97.61,
447, Ashton Hagans, 14, 2, 12, 17, 104.7, 109.4, -4.7, 34.2, 4.2, 12.4, 8.2, 19.2, 14.2, 96.70,
447, James Bouknight, 14, 0, 14, 6, 107.3, 119.5, -12.2, 12.0, 1.4, 13.1, 6.7, 4.0, 24.5, 96.69,
453, Dylan Windler, 13, 7, 6, 5, 119.0, 101.5, 17.5, 34.6, 2.0, 13.1, 8.2, 3.8, 13.2, 98.83,
453, Trevelin Queen, 13, 5, 8, 13, 111.4, 106.5, 4.9, 26.4, 2.3, 11.2, 7.0, 10.3, 14.5, 97.70,
453, DaQuan Jeffries, 13, 8, 5, 3, 89.0, 102.6, -13.5, 11.2, 0.0, 13.2, 6.8, 5.6, 22.2, 95.85,
453, Cole Swider, 13, 5, 8, 6, 102.0, 112.3, -10.2, 8.5, 1.3, 8.5, 4.7, 14.9, 23.2, 95.70,
457, Terquavion Smith, 12, 4, 8, 6, 117.8, 118.1, -0.3, 18.1, 0.0, 3.4, 1.6, 7.2, 24.8, 113.47,
457, Daishen Nix, 12, 9, 3, 3, 123.9, 101.3, 22.6, 7.8, 0.0, 3.3, 1.4, 7.8, 25.1, 104.62,
457, Jules Bernard, 12, 1, 11, 7, 110.1, 109.5, 0.5, 18.8, 7.5, 6.3, 7.0, 6.8, 21.4, 103.50,
457, Brandon Williams, 12, 7, 5, 5, 97.3, 114.2, -16.9, 28.7, 4.5, 7.0, 5.6, 7.2, 21.4, 103.15,
457, Boban Marjanovic, 12, 8, 4, 5, 104.0, 122.7, -18.7, 11.8, 12.2, 34.7, 23.5, 5.9, 23.0, 102.28,
457, Noah Clowney, 12, 4, 8, 9, 112.4, 121.9, -9.5, 22.1, 7.4, 16.9, 11.6, 12.3, 13.5, 97.89,
457, Emoni Bates, 12, 6, 6, 8, 95.7, 123.1, -27.4, 14.7, 1.1, 12.5, 6.6, 4.2, 19.1, 97.00,
464, Javon Freeman-Liberty, 11, 1, 10, 13, 101.0, 111.9, -10.9, 21.9, 2.7, 15.4, 8.6, 11.7, 15.2, 103.58,
464, Nate Hinton, 11, 6, 5, 5, 118.8, 109.1, 9.7, 19.9, 5.6, 14.3, 10.3, 6.6, 17.1, 103.16,
464, Jermaine Samuels Jr., 11, 6, 5, 5, 109.2, 122.8, -13.6, 14.4, 4.3, 20.5, 12.2, 0.0, 9.6, 100.37,
464, Juan Toscano-Anderson, 11, 7, 4, 5, 102.2, 104.5, -2.4, 22.2, 7.5, 18.2, 13.0, 11.1, 11.2, 100.06,
464, Johnny Juzang, 11, 3, 8, 14, 113.2, 117.4, -4.3, 8.8, 1.5, 9.2, 5.4, 7.0, 14.9, 99.55,
464, Tosan Evbuomwan, 11, 0, 11, 18, 101.4, 120.8, -19.4, 11.9, 5.8, 15.8, 10.5, 8.9, 13.2, 98.53,
464, Hunter Tyson, 11, 8, 3, 3, 107.3, 107.9, -0.7, 7.1, 3.8, 30.8, 17.3, 14.3, 19.1, 97.33,
464, Moussa Diabate, 11, 7, 4, 6, 122.7, 115.1, 7.6, 12.8, 25.9, 15.8, 20.9, 6.4, 17.8, 96.93,
472, Ryan Rollins, 10, 1, 9, 7, 118.0, 81.4, 36.6, 21.8, 3.6, 13.6, 9.1, 13.9, 23.9, 110.58,
472, Ish Wainright, 10, 2, 8, 6, 84.9, 89.8, -4.9, 3.6, 4.2, 19.3, 10.9, 7.2, 18.3, 102.31,
472, Scotty Pippen Jr., 10, 2, 8, 23, 105.0, 105.8, -0.9, 30.3, 4.5, 11.1, 7.7, 13.2, 20.9, 99.36,
472, Armoni Brooks, 10, 3, 7, 10, 125.8, 115.2, 10.6, 9.1, 6.8, 10.6, 8.7, 5.5, 19.5, 98.77,
472, Kendall Brown, 10, 6, 4, 4, 89.0, 101.0, -12.0, 24.0, 5.3, 3.0, 4.2, 6.0, 14.0, 97.85,
472, Vit Krejci, 10, 4, 6, 23, 120.1, 117.6, 2.5, 33.2, 0.9, 6.3, 3.3, 8.3, 9.0, 96.33,
478, Leonard Miller, 9, 8, 1, 3, 92.3, 104.9, -12.6, 29.4, 7.1, 43.5, 23.5, 5.9, 17.1, 106.28,
478, Kobe Bufkin, 9, 6, 3, 10, 106.1, 101.9, 4.2, 25.5, 2.6, 14.3, 8.6, 8.5, 21.3, 103.43,
478, Jaylen Nowell, 9, 3, 6, 17, 107.2, 107.3, -0.1, 20.7, 2.1, 8.0, 4.9, 6.5, 16.7, 102.33,
478, Ja Morant, 9, 6, 3, 35, 109.9, 109.7, 0.2, 24.5, 2.1, 15.3, 8.8, 9.1, 30.5, 102.22,
478, Justin Champagnie, 9, 2, 7, 14, 103.8, 125.4, -21.5, 14.2, 8.7, 15.5, 11.6, 14.2, 18.3, 101.64,
478, Dru Smith, 9, 7, 2, 15, 98.0, 110.4, -12.4, 26.5, 4.5, 6.6, 5.5, 9.5, 13.0, 100.35,
478, Keyontae Johnson, 9, 7, 2, 7, 100.2, 108.2, -8.0, 16.7, 7.0, 10.5, 8.8, 16.7, 13.1, 99.19,
478, Seth Lundy, 9, 2, 7, 6, 110.0, 116.8, -6.8, 0.0, 2.4, 13.0, 8.0, 5.1, 17.9, 98.04,
478, Jacob Toppin, 9, 2, 7, 4, 95.9, 128.3, -32.4, 21.6, 8.8, 17.4, 12.3, 7.2, 13.2, 92.67,
487, Oscar Tshiebwe, 8, 2, 6, 5, 115.0, 102.9, 12.1, 7.8, 17.8, 25.8, 21.1, 0.0, 20.7, 106.04,
487, Jordan Miller, 8, 5, 3, 4, 102.0, 116.8, -14.9, 0.0, 11.5, 6.7, 8.9, 9.2, 16.3, 103.28,
487, E.J. Liddell, 8, 3, 5, 3, 105.6, 112.8, -7.2, 10.1, 0.0, 23.8, 11.9, 20.2, 16.4, 102.81,
487, R.J. Hampton, 8, 3, 5, 10, 114.9, 107.2, 7.7, 30.9, 3.1, 5.1, 4.2, 11.6, 10.1, 100.29,
487, Jared Rhoden, 8, 1, 7, 9, 117.2, 120.0, -2.8, 13.0, 2.0, 21.4, 12.1, 16.2, 17.0, 98.45,
487, Matt Hurt, 8, 2, 6, 14, 97.7, 105.6, -7.9, 9.7, 8.2, 6.9, 7.5, 4.8, 13.8, 98.45,
487, Xavier Moon, 8, 5, 3, 4, 77.3, 127.5, -50.2, 22.9, 5.9, 9.4, 7.6, 18.3, 21.5, 98.11,
487, Micah Potter, 8, 2, 6, 11, 108.1, 118.7, -10.6, 9.8, 5.0, 17.5, 11.3, 9.8, 9.4, 96.71,
487, Charlie Brown Jr., 8, 2, 6, 5, 102.9, 112.5, -9.5, 0.0, 2.6, 3.2, 2.9, 16.7, 14.3, 94.47,
496, T.J. Warren, 7, 4, 3, 14, 114.0, 101.5, 12.5, 15.3, 5.0, 12.6, 8.5, 8.7, 16.0, 104.79,
496, James Johnson, 7, 3, 4, 5, 120.9, 116.1, 4.8, 37.8, 3.0, 12.5, 7.0, 18.9, 11.7, 102.00,
496, Jahmi'us Ramsey, 7, 0, 7, 17, 102.2, 111.4, -9.3, 13.6, 3.6, 14.9, 9.4, 11.9, 18.4, 101.69,
496, DeJon Jarreau, 7, 2, 5, 17, 96.1, 108.6, -12.5, 29.9, 4.5, 29.5, 15.9, 10.9, 17.7, 100.24,
496, D'Moi Hodge, 7, 1, 6, 6, 91.0, 133.5, -42.5, 22.9, 0.0, 0.0, 0.0, 4.6, 18.4, 97.02,
496, Colin Castleton, 7, 3, 4, 5, 98.4, 129.3, -30.8, 19.0, 13.3, 16.7, 15.0, 6.3, 16.3, 95.60,
496, Jalen Slawson, 7, 5, 2, 4, 92.9, 110.5, -17.6, 22.2, 3.8, 25.0, 14.0, 22.2, 10.6, 94.70,
503, Greg Brown III, 6, 3, 3, 7, 105.2, 109.9, -4.8, 17.4, 6.7, 13.3, 10.0, 17.4, 18.4, 111.67,
503, Sidy Cissoko, 6, 1, 5, 5, 106.6, 86.4, 20.2, 0.0, 0.0, 18.2, 8.8, 11.4, 10.7, 108.23,
503, Dereon Seabron, 6, 3, 3, 9, 116.3, 92.8, 23.5, 24.2, 2.3, 9.4, 6.5, 0.0, 12.1, 104.20,
503, Robert Williams III, 6, 2, 4, 20, 102.2, 113.3, -11.1, 11.9, 8.9, 26.5, 16.8, 16.7, 13.0, 101.62,
503, Amari Bailey, 6, 0, 6, 4, 110.9, 101.9, 9.0, 14.4, 10.0, 0.0, 4.7, 7.2, 20.1, 101.22,
503, Jamaree Bouyea, 6, 0, 6, 10, 80.1, 102.7, -22.6, 21.6, 3.1, 17.8, 9.2, 21.6, 20.7, 100.32,
503, Jeff Dowtin Jr., 6, 1, 5, 14, 117.1, 106.9, 10.2, 41.2, 1.3, 11.7, 6.6, 7.7, 12.4, 94.29,
503, Isaiah Mobley, 6, 1, 5, 9, 111.9, 118.5, -6.6, 30.0, 0.0, 16.2, 7.5, 5.0, 13.2, 92.97,
503, JD Davison, 6, 6, 0, 2, 131.6, 80.8, 50.8, 20.5, 10.0, 15.4, 13.0, 0.0, 15.8, 92.36,
503, Jordan Walsh, 6, 6, 0, 7, 131.8, 91.1, 40.7, 28.6, 8.6, 21.7, 16.0, 14.3, 10.9, 91.36,
503, Jordan Ford, 6, 2, 4, 4, 139.7, 108.3, 31.4, 18.4, 0.0, 10.5, 5.4, 9.2, 19.5, 90.38,
514, TyTy Washington Jr., 5, 3, 2, 4, 78.3, 92.9, -14.5, 10.0, 0.0, 5.6, 2.5, 20.0, 18.8, 102.06,
514, Frank Ntilikina, 5, 0, 5, 9, 116.5, 121.7, -5.2, 26.9, 2.3, 12.5, 7.1, 6.7, 10.9, 101.95,
514, Gabe Vincent, 5, 2, 3, 26, 100.8, 103.4, -2.6, 30.1, 1.7, 2.6, 2.1, 4.0, 11.8, 101.85,
514, Wenyen Gabriel, 5, 1, 4, 16, 84.6, 95.5, -10.8, 8.5, 8.8, 25.4, 16.6, 22.7, 16.7, 101.36,
514, Mouhamadou Gueye, 5, 0, 5, 7, 69.8, 101.0, -31.1, 0.0, 11.4, 7.1, 9.1, 23.9, 21.8, 101.18,
519, Dexter Dennis, 4, 1, 3, 8, 89.9, 102.5, -12.7, 14.6, 2.6, 23.5, 12.3, 11.0, 29.8, 116.10,
519, Marques Bolden, 4, 2, 2, 4, 131.6, 99.8, 31.8, 0.0, 0.0, 16.7, 10.3, 50.0, 5.8, 107.07,
519, D.J. Carton, 4, 2, 2, 9, 86.8, 122.9, -36.1, 21.1, 5.7, 4.8, 5.2, 7.0, 13.7, 104.66,
519, Adama Sanogo, 4, 1, 3, 3, 95.0, 7.7, 87.3, 0.0, 23.1, 40.0, 30.4, 15.8, 21.6, 102.58,
519, Jason Preston, 4, 1, 3, 8, 125.5, 98.7, 26.8, 46.7, 11.5, 13.3, 12.5, 13.3, 11.4, 99.37,
519, Alex Fudge, 4, 1, 3, 4, 66.1, 137.6, -71.5, 0.0, 16.7, 0.0, 8.0, 12.7, 23.7, 98.48,
519, Keon Johnson, 4, 0, 4, 13, 123.3, 143.9, -20.5, 9.9, 6.1, 6.3, 6.2, 13.2, 22.5, 97.41,
526, Taze Moore, 3, 1, 2, 3, 130.4, 106.8, 23.6, 14.3, 0.0, 0.0, 0.0, 14.3, 20.6, 125.48,
526, Usman Garuba, 3, 2, 1, 3, 97.7, 128.8, -31.1, 50.0, 10.0, 0.0, 6.7, 0.0, 4.9, 106.09,
526, Shaquille Harrison, 3, 1, 2, 2, 50.0, 128.8, -78.8, 0.0, 0.0, 50.0, 20.0, 0.0, 16.7, 101.36,
526, Buddy Boeheim, 3, 0, 3, 10, 126.3, 117.3, 9.0, 17.4, 3.8, 11.1, 7.5, 0.0, 21.9, 98.26,
526, Filip Petrusev, 3, 2, 1, 3, 114.6, 89.5, 25.1, 0.0, 0.0, 8.3, 5.9, 0.0, 15.0, 95.59,
526, Lindell Wigginton, 3, 3, 0, 3, 79.3, 128.7, -49.4, 0.0, 0.0, 0.0, 0.0, 14.5, 49.6, 94.99,
526, Mamadi Diakite, 3, 2, 1, 5, 106.6, 87.3, 19.3, 20.7, 5.9, 11.8, 8.8, 0.0, 22.5, 94.86,
526, Darius Bazley, 3, 0, 3, 3, 128.6, 137.6, -9.0, 50.0, 0.0, 20.0, 10.0, 25.0, 10.6, 86.65,
526, Pat Spencer, 3, 1, 2, 2, 91.9, 102.5, -10.5, 66.7, 0.0, 0.0, 0.0, 0.0, 8.4, 83.49,
526, Pete Nance, 3, 1, 2, 3, 75.8, 58.9, 16.8, 0.0, 0.0, 20.0, 10.0, 0.0, 16.8, 76.89,
536, Joshua Primo, 2, 2, 0, 5, 96.7, 89.3, 7.4, 0.0, 12.5, 0.0, 5.3, 57.1, 28.3, 113.42,
536, Maozinha Pereira, 2, 1, 1, 10, 74.1, 70.0, 4.1, 0.0, 0.0, 13.0, 6.3, 16.7, 12.5, 108.25,
536, Mouhamed Gueye, 2, 2, 0, 2, 10.1, 141.7, -131.6, 0.0, 0.0, 0.0, 0.0, 0.0, 9.2, 108.19,
536, Dariq Whitehead, 2, 1, 1, 12, 108.6, 161.5, -52.9, 33.8, 0.0, 19.0, 8.7, 0.0, 9.3, 107.63,
536, Danny Green, 2, 1, 1, 9, 110.8, 118.0, -7.1, 33.3, 0.0, 11.8, 6.9, 0.0, 4.4, 106.98,
536, Kevon Harris, 2, 1, 1, 3, 156.7, 142.0, 14.7, 20.0, 0.0, 28.6, 22.2, 20.0, 31.3, 106.47,
536, Alondes Williams, 2, 2, 0, 5, 57.8, 96.9, -39.1, 0.0, 0.0, 11.1, 5.6, 25.0, 18.4, 105.74,
536, Hamidou Diallo, 2, 1, 1, 2, 78.7, 57.1, 21.6, 25.0, 20.0, 0.0, 13.3, 25.0, 19.4, 102.06,
536, Ty Jerome, 2, 1, 1, 7, 107.5, 152.5, -45.0, 37.5, 7.1, 0.0, 4.2, 12.5, 15.3, 97.06,
536, Dmytro Skapintsev, 2, 0, 2, 1, 75.0, 87.2, -12.2, 0.0, 0.0, 0.0, 0.0, 0.0, 25.0, 83.70,
536, Andrew Funk, 2, 1, 1, 1, 200.0, 0.0, 200.0, 0.0, 0.0, 0.0, 0.0, 0.0, 16.7, 75.29,
536, Justin Jackson, 2, 2, 0, 0, 0.0, 0.0, 0.0, 0.0, 0.0, 0.0, 0.0, 0.0, 0.0, 68.57,
548, Ron Harper Jr., 1, 1, 0, 4, 100.0, 155.1, -55.1, 100.0, 0.0, 0.0, 0.0, 0.0, 0.0, 124.67,
548, Izaiah Brockington, 1, 1, 0, 3, 127.1, 121.0, 6.2, 0.0, 14.3, 16.7, 15.4, 0.0, 37.2, 119.74,
548, Quenton Jackson, 1, 1, 0, 2, 0.0, 123.0, -123.0, 0.0, 0.0, 50.0, 25.0, 0.0, 0.0, 117.31,
548, Adam Flagler, 1, 1, 0, 6, 105.5, 100.0, 5.5, 25.0, 0.0, 0.0, 0.0, 0.0, 22.5, 110.49,
548, Malcolm Cazalon, 1, 0, 1, 3, 174.1, 120.0, 54.1, 0.0, 0.0, 0.0, 0.0, 0.0, 0.0, 105.17,
548, Isaiah Thomas, 1, 1, 0, 2, 75.0, 103.1, -28.1, 50.0, 0.0, 0.0, 0.0, 0.0, 25.0, 105.07,
548, Tristan Vukcevic, 1, 1, 0, 3, 66.7, 85.7, -19.0, 0.0, 0.0, 25.0, 20.0, 0.0, 0.0, 104.00,
548, Kaiser Gates, 1, 0, 1, 7, 80.2, 94.5, -14.2, 0.0, 0.0, 10.0, 5.0, 0.0, 22.0, 103.58,
548, Mason Jones, 1, 0, 1, 13, 99.3, 63.0, 36.3, 50.8, 7.1, 23.1, 14.8, 0.0, 12.0, 100.06,
548, Jalen Crutcher, 1, 1, 0, 3, 120.0, 91.9, 28.1, 0.0, 0.0, 0.0, 0.0, 0.0, 20.0, 94.55,
548, Markquis Nowell, 1, 0, 1, 4, 133.1, 71.4, 61.7, 51.5, 50.0, 0.0, 28.6, 0.0, 21.5, 93.91,
548, Drew Peterson, 1, 1, 0, 3, 160.0, 123.0, 37.0, 50.0, 0.0, 0.0, 0.0, 0.0, 20.0, 92.99,
548, Henri Drell, 1, 0, 1, 3, 180.0, 102.0, 78.0, 50.0, 50.0, 0.0, 33.3, 0.0, 33.3, 90.56,
548, D.J. Wilson, 1, 1, 0, 2, 100.0, 133.3, -33.3, 0.0, 0.0, 0.0, 0.0, 0.0, 0.0, 79.12,
548, Javonte Smart, 1, 1, 0, 1, 0.0, 300.0, -300.0, 0.0, 0.0, 0.0, 0.0, 0.0, 0.0, 72.00,